Timestamp,Vitesse,Distance,Vitessemax,Distancesprint,Alerte
2025-03-21 17:25:19,0.0,0.7,36.0,587.0,-
2025-03-21 17:25:19,0.0,0.7,36.0,587.0,-
2025-03-21 17:25:19,0.0,0.7,36.0,587.0,-
2025-03-21 17:25:20,0.0,0.7,36.0,587.0,-
2025-03-21 17:25:20,0.0,0.7,36.0,587.0,-
2025-03-21 17:25:20,0.0,0.7,36.0,587.0,-
2025-03-21 17:25:20,0.0,0.7,36.0,587.0,-
2025-03-21 17:25:21,0.0,0.7,36.0,587.0,-
2025-03-21 17:25:21,0.0,0.7,36.0,587.0,-
2025-03-21 17:25:21,0.0,0.7,36.0,587.0,-
2025-03-21 17:25:21,0.0,0.7,36.0,587.0,-
2025-03-21 17:25:22,0.1,0.7,36.0,587.0,-
2025-03-21 17:25:22,0.0,0.7,36.0,587.0,-
2025-03-21 17:25:22,0.0,0.7,36.0,587.0,-
2025-03-21 17:25:22,0.0,0.7,36.0,587.0,-
2025-03-21 17:25:23,0.0,0.7,36.0,587.0,-
2025-03-21 17:25:23,0.0,0.7,36.0,587.0,-
2025-03-21 17:25:23,0.0,0.7,36.0,587.0,-
2025-03-21 17:25:23,0.0,0.7,36.0,587.0,-
2025-03-21 17:25:24,0.0,0.7,36.0,587.0,-
2025-03-21 17:25:24,0.0,0.7,36.0,587.0,-
2025-03-21 17:25:24,0.0,0.7,36.0,587.0,-
2025-03-21 17:25:25,0.0,0.7,36.0,587.0,-
2025-03-21 17:25:25,0.0,0.7,36.0,587.0,-
2025-03-21 17:25:25,0.0,0.7,36.0,587.0,-
2025-03-21 17:25:25,0.0,0.7,36.0,587.0,-
2025-03-21 17:25:26,0.0,0.7,36.0,587.0,-
2025-03-21 17:25:26,0.0,0.7,36.0,587.0,-
2025-03-21 17:25:26,0.0,0.7,36.0,587.0,-
2025-03-21 17:25:26,0.0,0.7,36.0,587.0,-
2025-03-21 17:25:27,0.0,0.7,36.0,587.0,-
2025-03-21 17:25:27,0.0,0.7,36.0,587.0,-
2025-03-21 17:25:27,0.0,0.7,36.0,587.0,-
2025-03-21 17:25:28,0.0,0.7,36.0,587.0,-
2025-03-21 17:25:28,0.0,0.7,36.0,587.0,-
2025-03-21 17:25:28,0.0,0.7,36.0,587.0,-
2025-03-21 17:25:28,0.0,0.7,36.0,587.0,-
2025-03-21 17:25:29,0.0,0.7,36.0,587.0,-
2025-03-21 17:25:29,0.0,0.7,36.0,587.0,-
2025-03-21 17:25:29,0.0,0.7,36.0,587.0,-
2025-03-21 17:25:29,0.0,0.7,36.0,587.0,-
2025-03-21 17:25:30,0.0,0.7,36.0,587.0,-
2025-03-21 17:25:30,0.0,0.7,36.0,587.0,-
2025-03-21 17:25:30,0.0,0.7,36.0,587.0,-
2025-03-21 17:25:31,0.0,0.7,36.0,587.0,-
2025-03-21 17:25:31,0.0,0.7,36.0,587.0,-
2025-03-21 17:25:31,0.0,0.7,36.0,587.0,-
2025-03-21 17:25:31,0.0,0.7,36.0,587.0,-
2025-03-21 17:25:32,0.0,0.7,36.0,587.0,-
2025-03-21 17:25:32,0.0,0.7,36.0,587.0,-
2025-03-21 17:25:32,0.0,0.7,36.0,587.0,-
2025-03-21 17:25:32,0.0,0.7,36.0,587.0,-
2025-03-21 17:25:33,0.0,0.7,36.0,587.0,-
2025-03-21 17:25:33,0.0,0.7,36.0,587.0,-
2025-03-21 17:25:33,0.0,0.7,36.0,587.0,-
2025-03-21 17:25:34,0.0,0.7,36.0,587.0,-
2025-03-21 17:25:34,0.0,0.7,36.0,587.0,-
2025-03-21 17:25:34,0.0,0.7,36.0,587.0,-
2025-03-21 17:25:34,0.0,0.7,36.0,587.0,-
2025-03-21 17:25:59,0.0,0.7,36.0,587.0,-
2025-03-21 17:26:00,0.0,0.7,36.0,587.0,-
2025-03-21 17:26:00,0.0,0.7,36.0,587.0,-
2025-03-21 17:26:00,0.0,0.7,36.0,587.0,-
2025-03-21 17:26:00,0.0,0.7,36.0,587.0,-
2025-03-21 17:26:01,0.0,0.7,36.0,587.0,-
2025-03-21 17:26:01,0.0,0.7,36.0,587.0,-
2025-03-21 17:26:01,0.0,0.7,36.0,587.0,-
2025-03-21 17:26:01,0.0,0.7,36.0,587.0,-
2025-03-21 17:26:02,0.0,0.7,36.0,587.0,-
2025-03-21 17:26:02,0.0,0.7,36.0,587.0,-
2025-03-21 17:26:02,0.0,0.7,36.0,587.0,-
2025-03-21 17:26:02,0.0,0.7,36.0,587.0,-
2025-03-21 17:26:03,0.0,0.7,36.0,587.0,-
2025-03-21 17:26:03,0.0,0.7,36.0,587.0,-
2025-03-21 17:26:03,0.0,0.7,36.0,587.0,-
2025-03-21 17:26:03,0.0,0.7,36.0,587.0,-
2025-03-21 17:26:04,0.0,0.7,36.0,587.0,-
2025-03-21 17:26:04,0.0,0.7,36.0,587.0,-
2025-03-21 17:26:04,0.0,0.7,36.0,587.0,-
2025-03-21 17:26:04,0.0,0.7,36.0,587.0,-
2025-03-21 17:26:05,0.0,0.7,36.0,587.0,-
2025-03-21 17:26:05,0.0,0.7,36.0,587.0,-
2025-03-21 17:26:05,0.0,0.7,36.0,587.0,-
2025-03-21 17:26:05,0.0,0.7,36.0,587.0,-
2025-03-21 17:26:06,0.0,0.7,36.0,587.0,-
2025-03-21 17:26:06,0.0,0.7,36.0,587.0,-
2025-03-21 17:26:06,0.0,0.7,36.0,587.0,-
2025-03-21 17:26:06,0.0,0.7,36.0,587.0,-
2025-03-21 17:26:07,0.0,0.7,36.0,587.0,-
2025-03-21 17:26:08,0.0,0.7,36.0,587.0,-
2025-03-21 17:26:09,0.0,0.7,36.0,587.0,-
2025-03-21 17:26:09,0.0,0.7,36.0,587.0,-
2025-03-21 17:26:10,0.0,0.7,36.0,587.0,-
2025-03-21 17:26:10,0.0,0.7,36.0,587.0,-
2025-03-21 17:26:10,0.0,0.7,36.0,587.0,-
2025-03-21 17:26:10,0.0,0.7,36.0,587.0,-
2025-03-21 17:26:11,0.0,0.7,36.0,587.0,-
2025-03-21 17:26:11,0.2,0.7,36.0,587.0,-
2025-03-21 17:26:11,0.0,0.7,36.0,587.0,-
2025-03-21 17:26:12,0.0,0.7,36.0,587.0,-
2025-03-21 17:26:12,0.0,0.7,36.0,587.0,-
2025-03-21 17:26:12,0.9,0.7,36.0,587.0,-
2025-03-21 17:26:12,2.4,0.7,36.0,587.0,-
2025-03-21 17:26:13,3.0,0.7,36.0,587.0,-
2025-03-21 17:26:13,2.6,0.7,36.0,587.0,-
2025-03-21 17:26:13,2.8,0.7,36.0,587.0,-
2025-03-21 17:26:13,3.1,0.7,36.0,587.0,-
2025-03-21 17:26:14,0.0,0.7,36.0,587.0,-
2025-03-21 17:26:14,0.0,0.7,36.0,587.0,-
2025-03-21 17:26:14,0.0,0.7,36.0,587.0,-
2025-03-21 17:26:14,0.0,0.7,36.0,587.0,-
2025-03-21 17:26:15,0.0,0.7,36.0,587.0,-
2025-03-21 17:26:15,0.0,0.7,36.0,587.0,-
2025-03-21 17:26:15,0.0,0.7,36.0,587.0,-
2025-03-21 17:26:15,0.0,0.7,36.0,587.0,-
2025-03-21 17:26:16,0.0,0.7,36.0,587.0,-
2025-03-21 17:26:16,0.0,0.7,36.0,587.0,-
2025-03-21 17:26:16,0.3,0.7,36.0,587.0,-
2025-03-21 17:26:17,3.6,0.7,36.0,587.0,-
2025-03-21 17:26:18,4.8,0.7,36.0,587.0,-
2025-03-21 17:26:18,5.3,0.7,36.0,587.0,-
2025-03-21 17:26:18,6.0,0.7,36.0,587.0,-
2025-03-21 17:26:18,6.4,0.7,36.0,587.0,-
2025-03-21 17:26:19,7.1,0.7,36.0,587.0,-
2025-03-21 17:26:19,7.8,0.7,36.0,587.0,-
2025-03-21 17:26:19,8.6,0.7,36.0,587.0,-
2025-03-21 17:26:19,9.4,0.7,36.0,587.0,-
2025-03-21 17:26:20,10.0,0.7,36.0,587.0,-
2025-03-21 17:26:20,0.0,0.7,36.0,587.0,-
2025-03-21 17:26:20,0.0,0.7,36.0,587.0,-
2025-03-21 17:26:20,0.0,0.7,36.0,587.0,-
2025-03-21 17:26:21,0.0,0.7,36.0,587.0,-
2025-03-21 17:26:21,0.0,0.7,36.0,587.0,-
2025-03-21 17:26:21,0.0,0.7,36.0,587.0,-
2025-03-21 17:26:21,0.0,0.7,36.0,587.0,-
2025-03-21 17:26:22,0.0,0.7,36.0,587.0,-
2025-03-21 17:26:22,0.0,0.7,36.0,587.0,-
2025-03-21 17:26:22,0.0,0.7,36.0,587.0,-
2025-03-21 17:26:22,0.0,0.7,36.0,587.0,-
2025-03-21 17:26:23,0.0,0.7,36.0,587.0,-
2025-03-21 17:26:23,0.0,0.7,36.0,587.0,-
2025-03-21 17:26:23,0.0,0.7,36.0,587.0,-
2025-03-21 17:26:23,0.0,0.7,36.0,587.0,-
2025-03-21 17:26:24,0.0,0.7,36.0,587.0,-
2025-03-21 17:26:24,0.0,0.7,36.0,587.0,-
2025-03-21 17:26:24,0.0,0.7,36.0,587.0,-
2025-03-21 17:26:24,0.0,0.7,36.0,587.0,-
2025-03-21 17:26:24,0.0,0.7,36.0,587.0,-
2025-03-21 17:26:25,0.0,0.7,36.0,587.0,-
2025-03-21 17:26:25,0.0,0.7,36.0,587.0,-
2025-03-21 17:26:25,0.0,0.7,36.0,587.0,-
2025-03-21 17:26:25,0.0,0.7,36.0,587.0,-
2025-03-21 17:26:25,0.0,0.7,36.0,587.0,-
2025-03-21 17:26:26,0.0,0.7,36.0,587.0,-
2025-03-21 17:26:26,0.0,0.7,36.0,587.0,-
2025-03-21 17:26:26,0.0,0.7,36.0,587.0,-
2025-03-21 17:26:26,0.0,0.7,36.0,587.0,-
2025-03-21 17:26:27,0.0,0.7,36.0,587.0,-
2025-03-21 17:26:27,0.0,0.7,36.0,587.0,-
2025-03-21 17:26:27,0.0,0.7,36.0,587.0,-
2025-03-21 17:26:27,0.0,0.7,36.0,587.0,-
2025-03-21 17:26:28,0.0,0.7,36.0,587.0,-
2025-03-21 17:26:28,0.0,0.7,36.0,587.0,-
2025-03-21 17:26:28,0.0,0.7,36.0,587.0,-
2025-03-21 17:26:28,0.0,0.7,36.0,587.0,-
2025-03-21 17:26:28,0.0,0.7,36.0,587.0,-
2025-03-21 17:26:29,0.0,0.7,36.0,587.0,-
2025-03-21 17:26:29,0.0,0.7,36.0,587.0,-
2025-03-21 17:26:29,0.0,0.7,36.0,587.0,-
2025-03-21 17:26:29,0.0,0.7,36.0,587.0,-
2025-03-21 17:26:30,0.0,0.7,36.0,587.0,-
2025-03-21 17:26:30,0.0,0.7,36.0,587.0,-
2025-03-21 17:26:30,0.0,0.7,36.0,587.0,-
2025-03-21 17:26:30,0.0,0.7,36.0,587.0,-
2025-03-21 17:26:31,0.0,0.7,36.0,587.0,-
2025-03-21 17:26:31,0.0,0.7,36.0,587.0,-
2025-03-21 17:26:31,0.0,0.7,36.0,587.0,-
2025-03-21 17:26:32,0.0,0.7,36.0,587.0,-
2025-03-21 17:26:32,0.0,0.7,36.0,587.0,-
2025-03-21 17:26:32,0.0,0.7,36.0,587.0,-
2025-03-21 17:26:33,0.0,0.7,36.0,587.0,-
2025-03-21 17:26:33,0.0,0.7,36.0,587.0,-
2025-03-21 17:26:33,0.0,0.7,36.0,587.0,-
2025-03-21 17:26:33,0.0,0.7,36.0,587.0,-
2025-03-21 17:26:34,0.0,0.7,36.0,587.0,-
2025-03-21 17:26:34,0.0,0.7,36.0,587.0,-
2025-03-21 17:26:35,0.0,0.7,36.0,587.0,-
2025-03-21 17:26:35,0.0,0.7,36.0,587.0,-
2025-03-21 17:26:35,0.0,0.7,36.0,587.0,-
2025-03-21 17:26:35,0.0,0.7,36.0,587.0,-
2025-03-21 17:26:36,0.0,0.7,36.0,587.0,-
2025-03-21 17:26:36,0.0,0.7,36.0,587.0,-
2025-03-21 17:26:36,0.0,0.7,36.0,587.0,-
2025-03-21 17:26:36,0.0,0.7,36.0,587.0,-
2025-03-21 17:26:37,0.0,0.7,36.0,587.0,-
2025-03-21 17:26:37,0.0,0.7,36.0,587.0,-
2025-03-21 17:26:37,0.0,0.7,36.0,587.0,-
2025-03-21 17:26:37,0.0,0.7,36.0,587.0,-
2025-03-21 17:26:38,0.0,0.7,36.0,587.0,-
2025-03-21 17:26:38,0.0,0.7,36.0,587.0,-
2025-03-21 17:26:38,0.0,0.7,36.0,587.0,-
2025-03-21 17:26:38,0.0,0.7,36.0,587.0,-
2025-03-21 17:26:39,0.0,0.7,36.0,587.0,-
2025-03-21 17:26:39,0.0,0.7,36.0,587.0,-
2025-03-21 17:26:39,0.0,0.7,36.0,587.0,-
2025-03-21 17:26:40,0.0,0.7,36.0,587.0,-
2025-03-21 17:26:40,0.0,0.7,36.0,587.0,-
2025-03-21 17:26:40,0.0,0.7,36.0,587.0,-
2025-03-21 17:26:40,0.0,0.7,36.0,587.0,-
2025-03-21 17:26:41,0.0,0.7,36.0,587.0,-
2025-03-21 17:26:41,0.0,0.7,36.0,587.0,-
2025-03-21 17:26:41,0.0,0.7,36.0,587.0,-
2025-03-21 17:26:41,0.0,0.7,36.0,587.0,-
2025-03-21 17:26:42,0.0,0.7,36.0,587.0,-
2025-03-21 17:26:42,0.0,0.7,36.0,587.0,-
2025-03-21 17:26:42,0.0,0.7,36.0,587.0,-
2025-03-21 17:26:43,0.0,0.7,36.0,587.0,-
2025-03-21 17:26:43,0.0,0.7,36.0,587.0,-
2025-03-21 17:26:43,0.0,0.7,36.0,587.0,-
2025-03-21 17:26:43,0.0,0.7,36.0,587.0,-
2025-03-21 17:26:43,0.0,0.7,36.0,587.0,-
2025-03-21 17:26:44,0.0,0.7,36.0,587.0,-
2025-03-21 17:26:44,0.0,0.7,36.0,587.0,-
2025-03-21 17:26:44,0.0,0.7,36.0,587.0,-
2025-03-21 17:26:44,0.0,0.7,36.0,587.0,-
2025-03-21 17:26:45,0.0,0.7,36.0,587.0,-
2025-03-21 17:26:45,0.0,0.7,36.0,587.0,-
2025-03-21 17:26:45,0.0,0.7,36.0,587.0,-
2025-03-21 17:26:46,0.0,0.7,36.0,587.0,-
2025-03-21 17:26:46,0.0,0.7,36.0,587.0,-
2025-03-21 17:26:46,0.0,0.7,36.0,587.0,-
2025-03-21 17:26:46,0.0,0.7,36.0,587.0,-
2025-03-21 17:26:47,0.0,0.7,36.0,587.0,-
2025-03-21 17:26:47,0.0,0.7,36.0,587.0,-
2025-03-21 17:26:47,0.0,0.7,36.0,587.0,-
2025-03-21 17:26:47,0.0,0.7,36.0,587.0,-
2025-03-21 17:26:48,0.0,0.7,36.0,587.0,-
2025-03-21 17:26:48,0.0,0.7,36.0,587.0,-
2025-03-21 17:26:48,0.0,0.7,36.0,587.0,-
2025-03-21 17:26:48,0.0,0.7,36.0,587.0,-
2025-03-21 17:26:48,0.0,0.7,36.0,587.0,-
2025-03-21 17:26:49,0.0,0.7,36.0,587.0,-
2025-03-21 17:26:49,0.0,0.7,36.0,587.0,-
2025-03-21 17:26:49,0.0,0.7,36.0,587.0,-
2025-03-21 17:26:49,0.0,0.7,36.0,587.0,-
2025-03-21 17:26:50,0.0,0.7,36.0,587.0,-
2025-03-21 17:26:50,0.0,0.7,36.0,587.0,-
2025-03-21 17:26:50,0.0,0.7,36.0,587.0,-
2025-03-21 17:26:51,0.0,0.7,36.0,587.0,-
2025-03-21 17:26:51,0.0,0.7,36.0,587.0,-
2025-03-21 17:26:51,0.0,0.7,36.0,587.0,-
2025-03-21 17:26:52,0.0,0.7,36.0,587.0,-
2025-03-21 17:26:52,0.0,0.7,36.0,587.0,-
2025-03-21 17:26:52,0.0,0.7,36.0,587.0,-
2025-03-21 17:26:52,0.0,0.7,36.0,587.0,-
2025-03-21 17:26:53,0.0,0.7,36.0,587.0,-
2025-03-21 17:26:53,0.0,0.7,36.0,587.0,-
2025-03-21 17:26:53,0.0,0.7,36.0,587.0,-
2025-03-21 17:26:53,0.0,0.7,36.0,587.0,-
2025-03-21 17:27:15,0.0,0.7,36.0,587.0,-
2025-03-21 17:27:16,0.0,0.7,36.0,587.0,-
2025-03-21 17:27:16,0.0,0.7,36.0,587.0,-
2025-03-21 17:27:16,0.0,0.7,36.0,587.0,-
2025-03-21 17:27:16,0.0,0.7,36.0,587.0,-
2025-03-21 17:27:17,0.0,0.7,36.0,587.0,-
2025-03-21 17:27:17,0.0,0.7,36.0,587.0,-
2025-03-21 17:27:18,0.0,0.7,36.0,587.0,-
2025-03-21 17:27:18,0.0,0.7,36.0,587.0,-
2025-03-21 17:27:18,0.0,0.7,36.0,587.0,-
2025-03-21 17:27:19,0.0,0.7,36.0,587.0,-
2025-03-21 17:27:19,0.0,0.7,36.0,587.0,-
2025-03-21 17:27:19,0.0,0.7,36.0,587.0,-
2025-03-21 17:27:20,0.0,0.7,36.0,587.0,-
2025-03-21 17:27:20,0.0,0.7,36.0,587.0,-
2025-03-21 17:27:20,0.0,0.7,36.0,587.0,-
2025-03-21 17:27:21,0.0,0.7,36.0,587.0,-
2025-03-21 17:27:21,0.0,0.7,36.0,587.0,-
2025-03-21 17:27:21,0.0,0.7,36.0,587.0,-
2025-03-21 17:27:22,0.0,0.7,36.0,587.0,-
2025-03-21 17:27:22,0.0,0.7,36.0,587.0,-
2025-03-21 17:27:22,0.0,0.7,36.0,587.0,-
2025-03-21 17:27:22,0.0,0.7,36.0,587.0,-
2025-03-21 17:27:23,0.0,0.7,36.0,587.0,-
2025-03-21 17:27:23,0.0,0.7,36.0,587.0,-
2025-03-21 17:27:23,0.0,0.7,36.0,587.0,-
2025-03-21 17:27:23,0.0,0.7,36.0,587.0,-
2025-03-21 17:27:24,0.0,0.7,36.0,587.0,-
2025-03-21 17:27:24,0.0,0.7,36.0,587.0,-
2025-03-21 17:27:24,0.0,0.7,36.0,587.0,-
2025-03-21 17:27:25,0.0,0.7,36.0,587.0,-
2025-03-21 17:27:25,0.0,0.7,36.0,587.0,-
2025-03-21 17:27:25,0.0,0.7,36.0,587.0,-
2025-03-21 17:27:26,0.0,0.7,36.0,587.0,-
2025-03-21 17:27:26,0.0,0.7,36.0,587.0,-
2025-03-21 17:27:26,0.0,0.7,36.0,587.0,-
2025-03-21 17:27:27,0.0,0.7,36.0,587.0,-
2025-03-21 17:27:27,0.0,0.7,36.0,587.0,-
2025-03-21 17:27:27,0.0,0.7,36.0,587.0,-
2025-03-21 17:27:28,0.0,0.7,36.0,587.0,-
2025-03-21 17:27:28,0.0,0.7,36.0,587.0,-
2025-03-21 17:27:28,0.0,0.7,36.0,587.0,-
2025-03-21 17:27:29,0.0,0.7,36.0,587.0,-
2025-03-21 17:27:29,0.0,0.7,36.0,587.0,-
2025-03-21 17:27:29,0.0,0.7,36.0,587.0,-
2025-03-21 17:27:30,0.0,0.7,36.0,587.0,-
2025-03-21 17:27:30,0.0,0.7,36.0,587.0,-
2025-03-21 17:27:31,0.0,0.7,36.0,587.0,-
2025-03-21 17:27:31,0.0,0.7,36.0,587.0,-
2025-03-21 17:27:31,0.0,0.7,36.0,587.0,-
2025-03-21 17:27:32,0.0,0.7,36.0,587.0,-
2025-03-21 17:27:32,0.0,0.7,36.0,587.0,-
2025-03-21 17:27:32,0.0,0.7,36.0,587.0,-
2025-03-21 17:27:33,0.0,0.7,36.0,587.0,-
2025-03-21 17:27:33,0.0,0.7,36.0,587.0,-
2025-03-21 17:27:33,0.0,0.7,36.0,587.0,-
2025-03-21 17:27:33,0.0,0.7,36.0,587.0,-
2025-03-21 17:27:34,0.0,0.7,36.0,587.0,-
2025-03-21 17:27:34,0.0,0.7,36.0,587.0,-
2025-03-21 17:27:34,0.0,0.7,36.0,587.0,-
2025-03-21 17:27:35,0.0,0.7,36.0,587.0,-
2025-03-21 17:27:35,0.0,0.7,36.0,587.0,-
2025-03-21 17:27:35,0.0,0.7,36.0,587.0,-
2025-03-21 17:27:35,0.0,0.7,36.0,587.0,-
2025-03-21 17:27:36,0.0,0.7,36.0,587.0,-
2025-03-21 17:27:36,0.0,0.7,36.0,587.0,-
2025-03-21 17:27:36,0.0,0.7,36.0,587.0,-
2025-03-21 17:27:37,0.0,0.7,36.0,587.0,-
2025-03-21 17:27:37,0.0,0.7,36.0,587.0,-
2025-03-21 17:27:37,0.0,0.7,36.0,587.0,-
2025-03-21 17:27:37,0.0,0.7,36.0,587.0,-
2025-03-21 17:27:38,0.0,0.7,36.0,587.0,-
2025-03-21 17:27:38,0.0,0.7,36.0,587.0,-
2025-03-21 17:27:38,0.0,0.7,36.0,587.0,-
2025-03-21 17:27:38,0.0,0.7,36.0,587.0,-
2025-03-21 17:27:39,0.0,0.7,36.0,587.0,-
2025-03-21 17:27:39,0.0,0.7,36.0,587.0,-
2025-03-21 17:27:40,0.0,0.7,36.0,587.0,-
2025-03-21 17:27:40,0.0,0.7,36.0,587.0,-
2025-03-21 17:27:40,0.0,0.7,36.0,587.0,-
2025-03-21 17:27:41,0.0,0.7,36.0,587.0,-
2025-03-21 17:27:41,0.0,0.7,36.0,587.0,-
2025-03-21 17:27:41,0.0,0.7,36.0,587.0,-
2025-03-21 17:27:42,0.0,0.7,36.0,587.0,-
2025-03-21 17:27:42,0.0,0.7,36.0,587.0,-
2025-03-21 17:27:42,0.0,0.7,36.0,587.0,-
2025-03-21 17:27:42,0.0,0.7,36.0,587.0,-
2025-03-21 17:27:43,0.0,0.7,36.0,587.0,-
2025-03-21 17:27:43,0.0,0.7,36.0,587.0,-
2025-03-21 17:27:43,0.0,0.7,36.0,587.0,-
2025-03-21 17:27:44,0.0,0.7,36.0,587.0,-
2025-03-21 17:27:44,0.0,0.7,36.0,587.0,-
2025-03-21 17:27:44,0.0,0.7,36.0,587.0,-
2025-03-21 17:27:45,0.0,0.7,36.0,587.0,-
2025-03-21 17:27:45,0.0,0.7,36.0,587.0,-
2025-03-21 17:27:46,0.0,0.7,36.0,587.0,-
2025-03-21 17:27:47,0.0,0.7,36.0,587.0,-
2025-03-21 17:27:48,0.2,0.7,36.0,587.0,-
2025-03-21 17:27:49,0.0,0.7,36.0,587.0,-
2025-03-21 17:27:50,0.0,0.7,36.0,587.0,-
2025-03-21 17:27:50,0.0,0.7,36.0,587.0,-
2025-03-21 17:27:51,0.0,0.7,36.0,587.0,-
2025-03-21 17:27:51,0.0,0.7,36.0,587.0,-
2025-03-21 17:27:52,0.0,0.7,36.0,587.0,-
2025-03-21 17:27:52,0.0,0.7,36.0,587.0,-
2025-03-21 17:27:53,0.0,0.7,36.0,587.0,-
2025-03-21 17:27:53,0.0,0.7,36.0,587.0,-
2025-03-21 17:27:53,0.0,0.7,36.0,587.0,-
2025-03-21 17:27:54,0.0,0.7,36.0,587.0,-
2025-03-21 17:27:54,0.0,0.7,36.0,587.0,-
2025-03-21 17:27:54,0.0,0.7,36.0,587.0,-
2025-03-21 17:27:54,0.0,0.7,36.0,587.0,-
2025-03-21 17:27:55,0.0,0.7,36.0,587.0,-
2025-03-21 17:27:55,0.0,0.7,36.0,587.0,-
2025-03-21 17:27:55,0.0,0.7,36.0,587.0,-
2025-03-21 17:27:56,0.0,0.7,36.0,587.0,-
2025-03-21 17:27:56,0.0,0.7,36.0,587.0,-
2025-03-21 17:27:56,0.0,0.7,36.0,587.0,-
2025-03-21 17:27:57,0.0,0.7,36.0,587.0,-
2025-03-21 17:27:57,0.0,0.7,36.0,587.0,-
2025-03-21 17:27:57,0.0,0.7,36.0,587.0,-
2025-03-21 17:27:57,0.0,0.7,36.0,587.0,-
2025-03-21 17:27:58,0.0,0.7,36.0,587.0,-
2025-03-21 17:27:58,0.0,0.7,36.0,587.0,-
2025-03-21 17:27:58,0.0,0.7,36.0,587.0,-
2025-03-21 17:27:58,0.0,0.7,36.0,587.0,-
2025-03-21 17:27:59,0.0,0.7,36.0,587.0,-
2025-03-21 17:27:59,0.0,0.7,36.0,587.0,-
2025-03-21 17:27:59,0.0,0.7,36.0,587.0,-
2025-03-21 17:28:00,0.0,0.7,36.0,587.0,-
2025-03-21 17:28:01,0.0,0.7,36.0,587.0,-
2025-03-21 17:28:01,0.0,0.7,36.0,587.0,-
2025-03-21 17:28:01,0.0,0.7,36.0,587.0,-
2025-03-21 17:28:01,0.0,0.7,36.0,587.0,-
2025-03-21 17:28:01,0.0,0.7,36.0,587.0,-
2025-03-21 17:28:02,0.0,0.7,36.0,587.0,-
2025-03-21 17:28:02,0.0,0.7,36.0,587.0,-
2025-03-21 17:28:03,0.0,0.7,36.0,587.0,-
2025-03-21 17:28:03,0.0,0.7,36.0,587.0,-
2025-03-21 17:28:03,0.0,0.7,36.0,587.0,-
2025-03-21 17:28:03,0.0,0.7,36.0,587.0,-
2025-03-21 17:28:04,0.0,0.7,36.0,587.0,-
2025-03-21 17:28:04,0.0,0.7,36.0,587.0,-
2025-03-21 17:28:04,0.0,0.7,36.0,587.0,-
2025-03-21 17:28:05,0.0,0.7,36.0,587.0,-
2025-03-21 17:28:05,0.0,0.7,36.0,587.0,-
2025-03-21 17:28:05,0.0,0.7,36.0,587.0,-
2025-03-21 17:28:05,0.0,0.7,36.0,587.0,-
2025-03-21 17:28:06,0.9,0.7,36.0,587.0,-
2025-03-21 17:28:06,1.7,0.7,36.0,587.0,-
2025-03-21 17:28:07,0.0,0.7,36.0,587.0,-
2025-03-21 17:28:07,0.0,0.7,36.0,587.0,-
2025-03-21 17:28:08,1.4,0.7,36.0,587.0,-
2025-03-21 17:28:08,2.7,0.7,36.0,587.0,-
2025-03-21 17:28:08,4.2,0.7,36.0,587.0,-
2025-03-21 17:28:09,5.5,0.7,36.0,587.0,-
2025-03-21 17:28:09,6.6,0.7,36.0,587.0,-
2025-03-21 17:28:09,0.0,0.7,36.0,587.0,-
2025-03-21 17:28:10,0.0,0.7,36.0,587.0,-
2025-03-21 17:28:10,0.0,0.7,36.0,587.0,-
2025-03-21 17:28:10,2.1,0.7,36.0,587.0,-
2025-03-21 17:28:10,33.2,0.7,36.0,587.0,-
2025-03-21 17:28:11,36.0,0.7,36.0,589.0,-
2025-03-21 17:28:11,36.0,0.7,36.0,594.0,-
2025-03-21 17:28:11,36.0,0.7,36.0,597.0,-
2025-03-21 17:28:12,36.0,0.7,36.0,600.0,-
2025-03-21 17:28:12,36.0,0.7,36.0,602.0,-
2025-03-21 17:28:12,36.0,0.7,36.0,605.0,-
2025-03-21 17:28:12,0.5,0.0,0.5,607.0,-
2025-03-21 17:29:06,2.3,0.0,2.3,0.0,-
2025-03-21 17:29:07,2.7,0.0,2.7,0.0,-
2025-03-21 17:29:07,0.0,0.0,2.8,0.0,-
2025-03-21 17:29:07,0.0,0.0,2.8,0.0,-
2025-03-21 17:29:08,0.6,0.0,2.8,0.0,-
2025-03-21 17:29:08,0.0,0.0,2.8,0.0,-
2025-03-21 17:29:08,0.0,0.0,2.8,0.0,-
2025-03-21 17:29:09,0.0,0.0,2.8,0.0,-
2025-03-21 17:29:09,0.0,0.0,2.8,0.0,-
2025-03-21 17:29:09,0.0,0.0,2.8,0.0,-
2025-03-21 17:29:09,0.0,0.0,2.8,0.0,-
2025-03-21 17:29:10,0.0,0.0,2.8,0.0,-
2025-03-21 17:29:10,0.0,0.0,2.8,0.0,-
2025-03-21 17:29:11,0.0,0.0,2.8,0.0,-
2025-03-21 17:29:11,0.0,0.0,2.8,0.0,-
2025-03-21 17:29:12,0.0,0.0,2.8,0.0,-
2025-03-21 17:29:12,0.0,0.0,2.8,0.0,-
2025-03-21 17:29:13,0.0,0.0,2.8,0.0,-
2025-03-21 17:29:13,0.0,0.0,2.8,0.0,-
2025-03-21 17:29:14,0.0,0.0,2.8,0.0,-
2025-03-21 17:29:14,0.0,0.0,2.8,0.0,-
2025-03-21 17:29:14,0.0,0.0,2.8,0.0,-
2025-03-21 17:29:15,0.0,0.0,2.8,0.0,-
2025-03-21 17:29:15,0.0,0.0,2.8,0.0,-
2025-03-21 17:29:15,0.0,0.0,2.8,0.0,-
2025-03-21 17:29:16,0.0,0.0,2.8,0.0,-
2025-03-21 17:29:16,0.0,0.0,2.8,0.0,-
2025-03-21 17:29:16,0.0,0.0,2.8,0.0,-
2025-03-21 17:29:17,0.0,0.0,2.8,0.0,-
2025-03-21 17:29:17,0.0,0.0,2.8,0.0,-
2025-03-21 17:29:18,0.0,0.0,2.8,0.0,-
2025-03-21 17:29:18,0.1,0.0,2.8,0.0,-
2025-03-21 17:29:19,0.0,0.0,2.8,0.0,-
2025-03-21 17:29:20,0.0,0.0,2.8,0.0,-
2025-03-21 17:29:20,0.0,0.0,2.8,0.0,-
2025-03-21 17:29:20,0.0,0.0,2.8,0.0,-
2025-03-21 17:29:21,0.0,0.0,2.8,0.0,-
2025-03-21 17:29:21,0.0,0.0,2.8,0.0,-
2025-03-21 17:29:21,0.0,0.0,2.8,0.0,-
2025-03-21 17:29:21,0.0,0.0,2.8,0.0,-
2025-03-21 17:29:22,0.0,0.0,2.8,0.0,-
2025-03-21 17:29:22,0.0,0.0,2.8,0.0,-
2025-03-21 17:29:22,0.0,0.0,2.8,0.0,-
2025-03-21 17:29:23,0.0,0.0,2.8,0.0,-
2025-03-21 17:29:23,0.0,0.0,2.8,0.0,-
2025-03-21 17:29:23,0.0,0.0,2.8,0.0,-
2025-03-21 17:29:23,0.0,0.0,2.8,0.0,-
2025-03-21 17:29:24,0.0,0.0,2.8,0.0,-
2025-03-21 17:29:24,0.0,0.0,2.8,0.0,-
2025-03-21 17:29:24,0.0,0.0,2.8,0.0,-
2025-03-21 17:29:25,0.0,0.0,2.8,0.0,-
2025-03-21 17:29:25,0.0,0.0,2.8,0.0,-
2025-03-21 17:29:25,0.0,0.0,2.8,0.0,-
2025-03-21 17:29:26,0.0,0.0,2.8,0.0,-
2025-03-21 17:29:26,0.0,0.0,2.8,0.0,-
2025-03-21 17:29:26,0.0,0.0,2.8,0.0,-
2025-03-21 17:29:26,0.0,0.0,2.8,0.0,-
2025-03-21 17:29:27,0.0,0.0,2.8,0.0,-
2025-03-21 17:29:27,0.0,0.0,2.8,0.0,-
2025-03-21 17:29:27,0.0,0.0,2.8,0.0,-
2025-03-21 17:29:28,0.0,0.0,2.8,0.0,-
2025-03-21 17:29:28,0.0,0.0,2.8,0.0,-
2025-03-21 17:29:28,0.0,0.0,2.8,0.0,-
2025-03-21 17:29:28,0.0,0.0,2.8,0.0,-
2025-03-21 17:29:29,0.0,0.0,2.8,0.0,-
2025-03-21 17:29:29,0.0,0.0,2.8,0.0,-
2025-03-21 17:29:30,0.0,0.0,2.8,0.0,-
2025-03-21 17:29:30,0.0,0.0,2.8,0.0,-
2025-03-21 17:29:30,0.0,0.0,2.8,0.0,-
2025-03-21 17:29:30,0.0,0.0,2.8,0.0,-
2025-03-21 17:29:31,0.0,0.0,2.8,0.0,-
2025-03-21 17:29:31,0.0,0.0,2.8,0.0,-
2025-03-21 17:29:31,0.0,0.0,2.8,0.0,-
2025-03-21 17:29:32,0.0,0.0,2.8,0.0,-
2025-03-21 17:29:32,0.0,0.0,2.8,0.0,-
2025-03-21 17:29:33,0.0,0.0,2.8,0.0,-
2025-03-21 17:29:33,2.0,0.0,2.8,0.0,-
2025-03-21 17:29:34,4.4,0.0,4.4,0.0,-
2025-03-21 17:29:34,5.9,0.0,5.9,0.0,-
2025-03-21 17:29:35,7.9,0.0,7.9,0.0,-
2025-03-21 17:29:35,8.9,0.0,8.9,0.0,-
2025-03-21 17:29:35,10.0,0.0,10.0,0.0,-
2025-03-21 17:29:36,11.4,0.0,11.4,0.0,-
2025-03-21 17:29:36,12.7,0.0,12.7,0.0,-
2025-03-21 17:29:36,13.9,0.0,13.9,0.0,-
2025-03-21 17:29:36,14.9,0.0,14.9,0.0,-
2025-03-21 17:29:37,0.5,0.0,0.5,0.0,-
2025-03-21 17:30:23,36.0,0.0,36.0,0.0,-
2025-03-21 17:30:23,36.0,0.0,36.0,12.0,-
2025-03-21 17:30:23,36.0,0.0,36.0,15.0,-
2025-03-21 17:30:24,0.0,0.0,36.0,18.0,-
2025-03-21 17:30:24,0.0,0.0,36.0,20.0,-
2025-03-21 17:30:25,0.0,0.0,36.0,20.0,-
2025-03-21 17:30:25,0.0,0.0,36.0,20.0,-
2025-03-21 17:30:25,0.0,0.0,36.0,20.0,-
2025-03-21 17:30:26,0.0,0.0,36.0,20.0,-
2025-03-21 17:30:26,0.0,0.0,36.0,20.0,-
2025-03-21 17:30:26,0.0,0.0,36.0,20.0,-
2025-03-21 17:30:26,0.0,0.0,36.0,20.0,-
2025-03-21 17:30:27,0.0,0.0,36.0,20.0,-
2025-03-21 17:30:27,0.0,0.0,36.0,20.0,-
2025-03-21 17:30:27,0.0,0.0,36.0,20.0,-
2025-03-21 17:30:28,0.0,0.0,36.0,20.0,-
2025-03-21 17:30:28,0.0,0.0,36.0,20.0,-
2025-03-21 17:30:28,0.0,0.0,36.0,20.0,-
2025-03-21 17:30:29,0.0,0.0,36.0,20.0,-
2025-03-21 17:30:29,0.0,0.0,36.0,20.0,-
2025-03-21 17:30:29,0.0,0.0,36.0,20.0,-
2025-03-21 17:30:30,0.0,0.0,36.0,20.0,-
2025-03-21 17:30:30,0.0,0.0,36.0,20.0,-
2025-03-21 17:30:30,0.0,0.0,36.0,20.0,-
2025-03-21 17:30:31,0.0,0.0,36.0,20.0,-
2025-03-21 17:30:31,0.0,0.0,36.0,20.0,-
2025-03-21 17:30:32,0.0,0.0,36.0,20.0,-
2025-03-21 17:30:32,0.0,0.0,36.0,20.0,-
2025-03-21 17:30:32,0.0,0.0,36.0,20.0,-
2025-03-21 17:30:33,0.0,0.0,36.0,20.0,-
2025-03-21 17:30:33,0.0,0.0,36.0,20.0,-
2025-03-21 17:30:33,0.0,0.0,36.0,20.0,-
2025-03-21 17:30:34,0.0,0.0,36.0,20.0,-
2025-03-21 17:30:34,0.0,0.0,36.0,20.0,-
2025-03-21 17:30:35,0.0,0.0,36.0,20.0,-
2025-03-21 17:30:35,0.0,0.0,36.0,20.0,-
2025-03-21 17:30:35,0.0,0.0,36.0,20.0,-
2025-03-21 17:30:36,0.0,0.0,36.0,20.0,-
2025-03-21 17:30:37,0.0,0.0,36.0,20.0,-
2025-03-21 17:30:37,0.0,0.0,36.0,20.0,-
2025-03-21 17:30:37,0.0,0.0,36.0,20.0,-
2025-03-21 17:30:38,0.0,0.0,36.0,20.0,-
2025-03-21 17:30:38,0.0,0.0,36.0,20.0,-
2025-03-21 17:30:38,0.0,0.0,36.0,20.0,-
2025-03-21 17:30:38,0.0,0.0,36.0,20.0,-
2025-03-21 17:30:39,0.0,0.0,36.0,20.0,-
2025-03-21 17:30:39,0.0,0.0,36.0,20.0,-
2025-03-21 17:30:39,0.0,0.0,36.0,20.0,-
2025-03-21 17:30:39,0.0,0.0,36.0,20.0,-
2025-03-21 17:30:40,0.0,0.0,36.0,20.0,-
2025-03-21 17:30:40,0.0,0.0,36.0,20.0,-
2025-03-21 17:30:40,0.0,0.0,36.0,20.0,-
2025-03-21 17:30:40,0.0,0.0,36.0,20.0,-
2025-03-21 17:30:40,0.0,0.0,36.0,20.0,-
2025-03-21 17:30:41,0.0,0.0,36.0,20.0,-
2025-03-21 17:30:41,0.0,0.0,36.0,20.0,-
2025-03-21 17:30:43,0.0,0.0,36.0,20.0,-
2025-03-21 17:30:44,36.0,0.2,36.0,20.0,-
2025-03-21 17:31:18,36.0,0.2,36.0,154.0,-
2025-03-21 17:31:18,36.0,0.2,36.0,157.0,-
2025-03-21 17:31:18,36.0,0.2,36.0,159.0,-
2025-03-21 17:31:19,36.0,0.2,36.0,162.0,-
2025-03-21 17:31:19,36.0,0.2,36.0,164.0,-
2025-03-21 17:31:19,36.0,0.2,36.0,167.0,-
2025-03-21 17:31:19,36.0,0.2,36.0,170.0,Alerte
2025-03-21 17:31:20,36.0,0.2,36.0,172.0,-
2025-03-21 17:31:20,36.0,0.2,36.0,175.0,-
2025-03-21 17:31:20,36.0,0.2,36.0,177.0,-
2025-03-21 17:31:20,36.0,0.2,36.0,180.0,-
2025-03-21 17:31:21,36.0,0.2,36.0,183.0,-
2025-03-21 17:31:21,36.0,0.2,36.0,185.0,-
2025-03-21 17:31:21,36.0,0.2,36.0,190.0,-
2025-03-21 17:31:22,36.0,0.2,36.0,193.0,-
2025-03-21 17:31:23,0.0,0.2,36.0,202.0,-
2025-03-21 17:31:23,0.0,0.2,36.0,205.0,-
2025-03-21 17:31:23,0.0,0.2,36.0,205.0,-
2025-03-21 17:31:24,0.0,0.2,36.0,205.0,-
2025-03-21 17:31:24,0.0,0.2,36.0,205.0,-
2025-03-21 17:31:24,0.0,0.2,36.0,205.0,-
2025-03-21 17:31:24,0.0,0.2,36.0,205.0,-
2025-03-21 17:31:25,0.0,0.2,36.0,205.0,-
2025-03-21 17:31:25,0.0,0.2,36.0,205.0,-
2025-03-21 17:31:26,0.1,0.2,36.0,205.0,-
2025-03-21 17:31:26,0.0,0.2,36.0,205.0,-
2025-03-21 17:31:26,0.0,0.2,36.0,205.0,-
2025-03-21 17:31:27,0.0,0.2,36.0,205.0,-
2025-03-21 17:31:27,0.0,0.2,36.0,205.0,-
2025-03-21 17:31:27,0.0,0.2,36.0,205.0,-
2025-03-21 17:31:28,0.0,0.2,36.0,205.0,-
2025-03-21 17:31:28,0.0,0.2,36.0,205.0,-
2025-03-21 17:31:28,0.0,0.2,36.0,205.0,-
2025-03-21 17:31:28,0.0,0.2,36.0,205.0,-
2025-03-21 17:31:29,0.0,0.2,36.0,205.0,-
2025-03-21 17:31:29,0.0,0.2,36.0,205.0,-
2025-03-21 17:31:29,0.0,0.2,36.0,205.0,-
2025-03-21 17:31:30,0.0,0.2,36.0,205.0,-
2025-03-21 17:31:30,0.0,0.2,36.0,205.0,-
2025-03-21 17:31:30,0.0,0.2,36.0,205.0,-
2025-03-21 17:31:30,0.0,0.2,36.0,205.0,-
2025-03-21 17:31:31,0.0,0.2,36.0,205.0,-
2025-03-21 17:31:31,0.0,0.2,36.0,205.0,-
2025-03-21 17:31:31,0.0,0.2,36.0,205.0,-
2025-03-21 17:31:32,0.0,0.2,36.0,205.0,-
2025-03-21 17:31:32,0.0,0.2,36.0,205.0,-
2025-03-21 17:31:32,0.0,0.2,36.0,205.0,-
2025-03-21 17:31:32,0.0,0.2,36.0,205.0,-
2025-03-21 17:31:33,0.0,0.2,36.0,205.0,-
2025-03-21 17:31:33,0.0,0.2,36.0,205.0,-
2025-03-21 17:31:33,0.0,0.2,36.0,205.0,-
2025-03-21 17:31:33,0.0,0.2,36.0,205.0,-
2025-03-21 17:31:34,0.0,0.2,36.0,205.0,-
2025-03-21 17:31:34,0.0,0.2,36.0,205.0,-
2025-03-21 17:31:34,0.0,0.2,36.0,205.0,-
2025-03-21 17:31:35,0.0,0.2,36.0,205.0,-
2025-03-21 17:31:35,0.0,0.2,36.0,205.0,-
2025-03-21 17:31:35,0.0,0.2,36.0,205.0,-
2025-03-21 17:31:35,0.0,0.2,36.0,205.0,-
2025-03-21 17:31:36,0.0,0.2,36.0,205.0,-
2025-03-21 17:31:37,0.0,0.2,36.0,205.0,-
2025-03-21 17:31:39,0.0,0.2,36.0,205.0,-
2025-03-21 17:31:39,0.0,0.2,36.0,205.0,-
2025-03-21 17:31:39,0.0,0.2,36.0,205.0,-
2025-03-21 17:31:39,0.0,0.2,36.0,205.0,-
2025-03-21 17:31:40,0.0,0.2,36.0,205.0,-
2025-03-21 17:31:40,0.0,0.2,36.0,205.0,-
2025-03-21 17:31:40,0.0,0.2,36.0,205.0,-
2025-03-21 17:31:41,0.0,0.2,36.0,205.0,-
2025-03-21 17:31:41,0.0,0.2,36.0,205.0,-
2025-03-21 17:31:41,0.0,0.2,36.0,205.0,-
2025-03-21 17:31:41,0.0,0.2,36.0,205.0,-
2025-03-21 17:31:42,0.0,0.2,36.0,205.0,-
2025-03-21 17:31:42,0.0,0.2,36.0,205.0,-
2025-03-21 17:31:42,0.0,0.2,36.0,205.0,-
2025-03-21 17:31:43,0.0,0.2,36.0,205.0,-
2025-03-21 17:31:43,0.0,0.2,36.0,205.0,-
2025-03-21 17:31:43,0.0,0.2,36.0,205.0,-
2025-03-21 17:31:43,0.0,0.2,36.0,205.0,-
2025-03-21 17:31:44,0.0,0.2,36.0,205.0,-
2025-03-21 17:31:44,0.0,0.2,36.0,205.0,-
2025-03-21 17:31:44,0.0,0.2,36.0,205.0,-
2025-03-21 17:31:44,0.0,0.2,36.0,205.0,-
2025-03-21 17:31:45,0.0,0.2,36.0,205.0,-
2025-03-21 17:31:45,0.0,0.2,36.0,205.0,-
2025-03-21 17:31:45,0.0,0.2,36.0,205.0,-
2025-03-21 17:31:45,0.0,0.2,36.0,205.0,-
2025-03-21 17:31:46,0.0,0.2,36.0,205.0,-
2025-03-21 17:31:46,0.8,0.2,36.0,205.0,-
2025-03-21 17:31:46,0.0,0.2,36.0,205.0,-
2025-03-21 17:31:47,0.0,0.2,36.0,205.0,-
2025-03-21 17:31:47,0.0,0.2,36.0,205.0,-
2025-03-21 17:31:47,0.0,0.2,36.0,205.0,-
2025-03-21 17:31:48,0.0,0.2,36.0,205.0,-
2025-03-21 17:31:48,0.1,0.2,36.0,205.0,-
2025-03-21 17:31:48,0.1,0.2,36.0,205.0,-
2025-03-21 17:31:48,0.5,0.2,36.0,205.0,-
2025-03-21 17:31:49,0.0,0.2,36.0,205.0,-
2025-03-21 17:31:49,0.4,0.2,36.0,205.0,-
2025-03-21 17:31:49,0.0,0.2,36.0,205.0,-
2025-03-21 17:31:49,0.0,0.2,36.0,205.0,-
2025-03-21 17:31:50,0.0,0.2,36.0,205.0,-
2025-03-21 17:31:50,0.0,0.2,36.0,205.0,-
2025-03-21 17:31:50,0.0,0.2,36.0,205.0,-
2025-03-21 17:31:50,0.0,0.2,36.0,205.0,-
2025-03-21 17:31:51,0.0,0.2,36.0,205.0,-
2025-03-21 17:31:51,0.0,0.2,36.0,205.0,-
2025-03-21 17:31:52,0.0,0.2,36.0,205.0,-
2025-03-21 17:31:52,0.0,0.2,36.0,205.0,-
2025-03-21 17:31:52,0.0,0.2,36.0,205.0,-
2025-03-21 17:31:52,0.0,0.2,36.0,205.0,-
2025-03-21 17:31:53,0.0,0.2,36.0,205.0,-
2025-03-21 17:31:53,0.0,0.2,36.0,205.0,-
2025-03-21 17:31:53,0.0,0.2,36.0,205.0,-
2025-03-21 17:31:53,0.0,0.2,36.0,205.0,-
2025-03-21 17:31:54,0.0,0.2,36.0,205.0,-
2025-03-21 17:31:54,0.0,0.2,36.0,205.0,-
2025-03-21 17:31:54,0.0,0.2,36.0,205.0,-
2025-03-21 17:31:54,0.0,0.2,36.0,205.0,-
2025-03-21 17:31:55,0.0,0.2,36.0,205.0,-
2025-03-21 17:31:55,0.0,0.2,36.0,205.0,-
2025-03-21 17:31:55,0.0,0.2,36.0,205.0,-
2025-03-21 17:31:55,0.0,0.2,36.0,205.0,-
2025-03-21 17:31:56,0.0,0.2,36.0,205.0,-
2025-03-21 17:31:56,0.0,0.2,36.0,205.0,-
2025-03-21 17:31:56,0.0,0.2,36.0,205.0,-
2025-03-21 17:31:57,0.0,0.2,36.0,205.0,-
2025-03-21 17:31:57,0.0,0.2,36.0,205.0,-
2025-03-21 17:31:57,0.0,0.2,36.0,205.0,-
2025-03-21 17:31:58,0.0,0.2,36.0,205.0,-
2025-03-21 17:31:58,0.0,0.2,36.0,205.0,-
2025-03-21 17:31:58,0.0,0.2,36.0,205.0,-
2025-03-21 17:31:58,0.0,0.2,36.0,205.0,-
2025-03-21 17:31:59,0.0,0.2,36.0,205.0,-
2025-03-21 17:31:59,0.0,0.2,36.0,205.0,-
2025-03-21 17:31:59,0.0,0.2,36.0,205.0,-
2025-03-21 17:31:59,0.0,0.2,36.0,205.0,-
2025-03-21 17:32:00,0.0,0.2,36.0,205.0,-
2025-03-21 17:32:00,0.0,0.2,36.0,205.0,-
2025-03-21 17:32:00,0.0,0.2,36.0,205.0,-
2025-03-21 17:32:01,0.0,0.2,36.0,205.0,-
2025-03-21 17:32:01,0.0,0.2,36.0,205.0,-
2025-03-21 17:32:01,0.8,0.2,36.0,205.0,-
2025-03-21 17:32:01,0.1,0.2,36.0,205.0,-
2025-03-21 17:32:02,0.0,0.2,36.0,205.0,-
2025-03-21 17:32:02,0.1,0.2,36.0,205.0,-
2025-03-21 17:32:02,0.0,0.2,36.0,205.0,-
2025-03-21 17:32:03,0.0,0.2,36.0,205.0,-
2025-03-21 17:32:05,0.0,0.2,36.0,205.0,-
2025-03-21 17:32:05,0.0,0.2,36.0,205.0,-
2025-03-21 17:32:06,0.0,0.2,36.0,205.0,-
2025-03-21 17:32:06,0.0,0.2,36.0,205.0,-
2025-03-21 17:32:07,0.0,0.2,36.0,205.0,-
2025-03-21 17:32:07,0.0,0.2,36.0,205.0,-
2025-03-21 17:32:08,0.0,0.2,36.0,205.0,-
2025-03-21 17:32:08,0.0,0.2,36.0,205.0,-
2025-03-21 17:32:08,0.0,0.2,36.0,205.0,-
2025-03-21 17:32:09,0.0,0.2,36.0,205.0,-
2025-03-21 17:32:09,0.0,0.2,36.0,205.0,-
2025-03-21 17:32:09,0.0,0.2,36.0,205.0,-
2025-03-21 17:32:10,0.0,0.2,36.0,205.0,-
2025-03-21 17:32:10,0.0,0.2,36.0,205.0,-
2025-03-21 17:32:10,0.0,0.2,36.0,205.0,-
2025-03-21 17:32:10,0.0,0.2,36.0,205.0,-
2025-03-21 17:32:11,0.1,0.2,36.0,205.0,-
2025-03-21 17:32:11,3.2,0.2,36.0,205.0,-
2025-03-21 17:32:11,6.4,0.2,36.0,205.0,-
2025-03-21 17:32:12,8.6,0.2,36.0,205.0,-
2025-03-21 17:32:12,7.1,0.2,36.0,205.0,-
2025-03-21 17:32:12,0.5,0.2,36.0,205.0,-
2025-03-21 17:32:13,1.9,0.2,36.0,205.0,-
2025-03-21 17:32:14,13.9,0.2,36.0,205.0,-
2025-03-21 17:32:15,22.6,0.2,36.0,205.0,-
2025-03-21 17:32:16,29.0,0.2,36.0,205.0,-
2025-03-21 17:32:16,33.9,0.2,36.0,207.0,-
2025-03-21 17:32:16,34.8,0.2,36.0,211.0,-
2025-03-21 17:32:17,34.8,0.2,36.0,215.0,-
2025-03-21 17:32:17,36.0,0.2,36.0,218.0,-
2025-03-21 17:32:17,36.0,0.2,36.0,221.0,-
2025-03-21 17:32:18,36.0,0.2,36.0,224.0,-
2025-03-21 17:32:18,36.0,0.3,36.0,229.0,-
2025-03-21 17:32:19,36.0,0.3,36.0,237.0,-
2025-03-21 17:32:19,36.0,0.3,36.0,240.0,-
2025-03-21 17:32:20,36.0,0.3,36.0,244.0,-
2025-03-21 17:32:20,0.0,0.3,36.0,249.0,-
2025-03-21 17:32:21,0.0,0.3,36.0,251.0,-
2025-03-21 17:32:21,0.0,0.3,36.0,251.0,-
2025-03-21 17:32:21,0.0,0.3,36.0,251.0,-
2025-03-21 17:32:22,0.1,0.3,36.0,251.0,-
2025-03-21 17:32:22,0.0,0.3,36.0,251.0,-
2025-03-21 17:32:23,1.1,0.3,36.0,251.0,-
2025-03-21 17:32:23,0.0,0.3,36.0,251.0,-
2025-03-21 17:32:23,0.0,0.3,36.0,251.0,-
2025-03-21 17:32:24,0.3,0.3,36.0,251.0,-
2025-03-21 17:32:24,0.0,0.3,36.0,251.0,-
2025-03-21 17:32:24,0.0,0.3,36.0,251.0,-
2025-03-21 17:32:24,0.1,0.3,36.0,251.0,-
2025-03-21 17:32:25,1.7,0.3,36.0,251.0,-
2025-03-21 17:32:25,0.0,0.3,36.0,251.0,-
2025-03-21 17:32:25,36.0,0.6,36.0,401.0,-
2025-03-21 17:35:45,36.0,0.6,36.0,584.0,-
2025-03-21 17:35:46,36.0,0.6,36.0,589.0,-
2025-03-21 17:35:46,36.0,0.6,36.0,593.0,-
2025-03-21 17:35:46,36.0,0.6,36.0,596.0,-
2025-03-21 17:35:47,36.0,0.6,36.0,599.0,-
2025-03-21 17:35:47,36.0,0.6,36.0,605.0,-
2025-03-21 17:35:48,36.0,0.6,36.0,609.0,-
2025-03-21 17:35:48,36.0,0.6,36.0,611.0,-
2025-03-21 17:35:48,36.0,0.6,36.0,617.0,-
2025-03-21 17:35:49,36.0,0.6,36.0,622.0,-
2025-03-21 17:35:49,36.0,0.6,36.0,626.0,-
2025-03-21 17:35:50,36.0,0.6,36.0,628.0,-
2025-03-21 17:35:50,36.0,0.6,36.0,631.0,-
2025-03-21 17:35:50,36.0,0.6,36.0,636.0,-
2025-03-21 17:35:51,36.0,0.6,36.0,639.0,-
2025-03-21 17:35:51,0.0,0.6,36.0,642.0,-
2025-03-21 17:35:51,0.9,0.6,36.0,645.0,-
2025-03-21 17:35:51,0.0,0.6,36.0,645.0,-
2025-03-21 17:35:52,0.0,0.6,36.0,645.0,-
2025-03-21 17:35:52,0.0,0.6,36.0,645.0,-
2025-03-21 17:35:53,0.0,0.6,36.0,645.0,-
2025-03-21 17:35:53,0.0,0.6,36.0,645.0,-
2025-03-21 17:35:53,0.0,0.6,36.0,645.0,-
2025-03-21 17:35:54,0.0,0.6,36.0,645.0,-
2025-03-21 17:35:54,0.0,0.6,36.0,645.0,-
2025-03-21 17:35:54,0.0,0.6,36.0,645.0,-
2025-03-21 17:35:54,0.0,0.6,36.0,645.0,-
2025-03-21 17:35:55,0.0,0.6,36.0,645.0,-
2025-03-21 17:35:55,0.0,0.6,36.0,645.0,-
2025-03-21 17:35:56,0.0,0.6,36.0,645.0,-
2025-03-21 17:35:56,0.0,0.6,36.0,645.0,-
2025-03-21 17:35:57,0.0,0.6,36.0,645.0,-
2025-03-21 17:35:57,0.0,0.6,36.0,645.0,-
2025-03-21 17:35:58,0.0,0.6,36.0,645.0,-
2025-03-21 17:35:58,0.0,0.6,36.0,645.0,-
2025-03-21 17:35:59,0.0,0.6,36.0,645.0,-
2025-03-21 17:35:59,0.0,0.6,36.0,645.0,-
2025-03-21 17:35:59,0.0,0.6,36.0,645.0,-
2025-03-21 17:36:00,0.0,0.6,36.0,645.0,-
2025-03-21 17:36:00,0.0,0.6,36.0,645.0,-
2025-03-21 17:36:00,0.0,0.6,36.0,645.0,-
2025-03-21 17:36:00,0.0,0.6,36.0,645.0,-
2025-03-21 17:36:01,0.0,0.6,36.0,645.0,-
2025-03-21 17:36:01,0.0,0.6,36.0,645.0,-
2025-03-21 17:36:01,0.0,0.6,36.0,645.0,-
2025-03-21 17:36:02,0.0,0.6,36.0,645.0,-
2025-03-21 17:36:02,0.0,0.6,36.0,645.0,-
2025-03-21 17:36:02,0.0,0.6,36.0,645.0,-
2025-03-21 17:36:03,0.0,0.6,36.0,645.0,-
2025-03-21 17:36:03,0.1,0.6,36.0,645.0,-
2025-03-21 17:36:04,0.0,0.6,36.0,645.0,-
2025-03-21 17:36:04,0.0,0.6,36.0,645.0,-
2025-03-21 17:36:05,0.0,0.6,36.0,645.0,-
2025-03-21 17:36:06,0.0,0.6,36.0,645.0,-
2025-03-21 17:36:06,0.0,0.6,36.0,645.0,-
2025-03-21 17:36:07,0.0,0.6,36.0,645.0,-
2025-03-21 17:36:07,0.0,0.6,36.0,645.0,-
2025-03-21 17:36:07,0.0,0.6,36.0,645.0,-
2025-03-21 17:36:07,0.1,0.6,36.0,645.0,-
2025-03-21 17:36:08,0.0,0.6,36.0,645.0,-
2025-03-21 17:36:08,0.0,0.6,36.0,645.0,-
2025-03-21 17:36:08,0.0,0.6,36.0,645.0,-
2025-03-21 17:36:09,0.0,0.6,36.0,645.0,-
2025-03-21 17:36:09,0.0,0.6,36.0,645.0,-
2025-03-21 17:36:09,0.0,0.6,36.0,645.0,-
2025-03-21 17:36:10,0.0,0.6,36.0,645.0,-
2025-03-21 17:36:10,0.0,0.6,36.0,645.0,-
2025-03-21 17:36:10,0.0,0.6,36.0,645.0,-
2025-03-21 17:36:11,0.0,0.6,36.0,645.0,-
2025-03-21 17:36:11,0.0,0.6,36.0,645.0,-
2025-03-21 17:36:11,0.0,0.6,36.0,645.0,-
2025-03-21 17:36:12,0.0,0.6,36.0,645.0,-
2025-03-21 17:36:13,0.0,0.6,36.0,645.0,-
2025-03-21 17:36:13,0.0,0.6,36.0,645.0,-
2025-03-21 17:36:13,0.0,0.6,36.0,645.0,-
2025-03-21 17:36:14,0.0,0.6,36.0,645.0,-
2025-03-21 17:36:14,0.0,0.6,36.0,645.0,-
2025-03-21 17:36:14,0.0,0.6,36.0,645.0,-
2025-03-21 17:36:14,0.0,0.6,36.0,645.0,-
2025-03-21 17:36:15,0.0,0.6,36.0,645.0,-
2025-03-21 17:36:15,0.0,0.6,36.0,645.0,-
2025-03-21 17:36:15,0.0,0.6,36.0,645.0,-
2025-03-21 17:36:16,0.0,0.6,36.0,645.0,-
2025-03-21 17:36:16,0.0,0.6,36.0,645.0,-
2025-03-21 17:36:17,0.0,0.6,36.0,645.0,-
2025-03-21 17:36:18,0.0,0.6,36.0,645.0,-
2025-03-21 17:36:18,0.0,0.6,36.0,645.0,-
2025-03-21 17:36:20,0.0,0.6,36.0,645.0,-
2025-03-21 17:36:21,0.0,0.6,36.0,645.0,-
2025-03-21 17:36:22,0.0,0.6,36.0,645.0,-
2025-03-21 17:36:23,0.0,0.6,36.0,645.0,-
2025-03-21 17:36:25,0.0,0.6,36.0,645.0,-
2025-03-21 17:36:26,0.0,0.6,36.0,645.0,-
2025-03-21 17:36:28,0.4,0.6,36.0,645.0,-
2025-03-21 17:36:28,0.3,0.6,36.0,645.0,-
2025-03-21 17:36:29,2.0,0.6,36.0,645.0,-
2025-03-21 17:36:30,3.9,0.6,36.0,645.0,-
2025-03-21 17:36:32,0.0,0.6,36.0,645.0,-
2025-03-21 17:36:32,0.0,0.6,36.0,645.0,-
2025-03-21 17:36:33,1.8,0.6,36.0,645.0,-
2025-03-21 17:36:34,10.5,0.6,36.0,645.0,-
2025-03-21 17:36:35,36.0,0.7,36.0,645.0,-
2025-03-21 17:36:37,36.0,0.7,36.0,658.0,-
2025-03-21 17:36:38,36.0,0.7,36.0,671.0,-
2025-03-21 17:36:39,36.0,0.7,36.0,684.0,-
2025-03-21 17:36:44,36.0,0.7,36.0,698.0,-
2025-03-21 17:36:44,0.1,0.7,36.0,738.0,-
2025-03-21 17:36:48,0.0,0.7,36.0,738.0,-
2025-03-21 17:36:49,0.0,0.7,36.0,738.0,-
2025-03-21 17:36:49,0.0,0.7,36.0,738.0,-
2025-03-21 17:36:50,0.0,0.7,36.0,738.0,-
2025-03-21 17:36:51,0.0,0.7,36.0,738.0,-
2025-03-21 17:36:51,0.0,0.7,36.0,738.0,-
2025-03-21 17:36:52,0.0,0.7,36.0,738.0,-
2025-03-21 17:36:52,0.0,0.7,36.0,738.0,-
2025-03-21 17:36:53,0.0,0.7,36.0,738.0,-
2025-03-21 17:36:53,0.0,0.7,36.0,738.0,-
2025-03-21 17:36:53,0.0,0.7,36.0,738.0,-
2025-03-21 17:36:54,7.0,0.7,36.0,738.0,-
2025-03-21 17:36:55,36.0,0.8,36.0,738.0,-
2025-03-21 17:36:57,36.0,0.8,36.0,764.0,-
2025-03-21 17:37:02,36.0,0.8,36.0,801.0,-
2025-03-21 17:37:03,36.0,0.8,36.0,814.0,-
2025-03-21 17:37:04,36.0,0.8,36.0,831.0,-
2025-03-21 17:37:05,36.0,0.8,36.0,839.0,-
2025-03-21 17:37:06,36.0,0.9,36.0,844.0,-
2025-03-21 17:37:06,36.0,0.9,36.0,850.0,-
2025-03-21 17:37:06,36.0,0.9,36.0,853.0,-
2025-03-21 17:37:06,36.0,0.9,36.0,855.0,-
2025-03-21 17:37:07,36.0,0.9,36.0,858.0,-
2025-03-21 17:37:07,36.0,0.9,36.0,861.0,-
2025-03-21 17:37:07,0.0,0.9,36.0,863.0,-
2025-03-21 17:37:08,1.0,0.9,36.0,863.0,-
2025-03-21 17:37:08,3.0,0.9,36.0,863.0,-
2025-03-21 17:37:08,4.5,0.9,36.0,863.0,-
2025-03-21 17:37:08,5.3,0.9,36.0,863.0,-
2025-03-21 17:37:09,0.0,0.9,36.0,863.0,-
2025-03-21 17:37:09,0.0,0.9,36.0,863.0,-
2025-03-21 17:37:09,0.2,0.9,36.0,863.0,-
2025-03-21 17:37:10,0.0,0.9,36.0,863.0,-
2025-03-21 17:37:10,0.0,0.9,36.0,863.0,-
2025-03-21 17:37:10,0.1,0.9,36.0,863.0,-
2025-03-21 17:37:11,2.6,0.9,36.0,863.0,-
2025-03-21 17:37:11,4.5,0.9,36.0,863.0,-
2025-03-21 17:37:11,0.0,0.9,36.0,863.0,-
2025-03-21 17:37:12,0.9,0.9,36.0,863.0,-
2025-03-21 17:37:13,5.4,0.9,36.0,863.0,-
2025-03-21 17:37:13,0.0,0.9,36.0,863.0,-
2025-03-21 17:37:14,0.3,0.9,36.0,863.0,-
2025-03-21 17:37:15,2.1,0.9,36.0,863.0,-
2025-03-21 17:37:15,3.5,0.9,36.0,863.0,-
2025-03-21 17:37:15,4.8,0.9,36.0,863.0,-
2025-03-21 17:37:15,6.2,0.9,36.0,863.0,-
2025-03-21 17:37:16,8.7,0.9,36.0,863.0,-
2025-03-21 17:37:16,12.3,0.9,36.0,863.0,-
2025-03-21 17:37:16,16.2,0.9,36.0,863.0,-
2025-03-21 17:37:16,18.7,0.9,36.0,863.0,-
2025-03-21 17:37:17,19.8,0.9,36.0,863.0,-
2025-03-21 17:37:17,20.9,0.9,36.0,863.0,-
2025-03-21 17:37:17,24.2,0.9,36.0,863.0,-
2025-03-21 17:37:18,28.3,0.9,36.0,863.0,-
2025-03-21 17:37:18,31.6,0.9,36.0,865.0,-
2025-03-21 17:37:18,33.2,0.9,36.0,868.0,-
2025-03-21 17:37:19,34.5,0.9,36.0,871.0,-
2025-03-21 17:37:19,36.0,0.9,36.0,875.0,-
2025-03-21 17:37:20,35.7,0.9,36.0,880.0,-
2025-03-21 17:37:21,34.5,0.9,36.0,892.0,-
2025-03-21 17:37:21,33.0,0.9,36.0,895.0,-
2025-03-21 17:37:21,31.2,0.9,36.0,897.0,-
2025-03-21 17:37:22,24.6,0.9,36.0,900.0,-
2025-03-21 17:37:23,22.0,0.9,36.0,900.0,-
2025-03-21 17:37:23,17.7,0.9,36.0,900.0,-
2025-03-21 17:37:24,15.9,0.9,36.0,900.0,-
2025-03-21 17:37:24,15.2,0.9,36.0,900.0,-
2025-03-21 17:37:24,15.2,0.9,36.0,900.0,-
2025-03-21 17:37:25,12.7,0.9,36.0,900.0,-
2025-03-21 17:37:26,33.6,1.0,36.0,900.0,-
2025-03-21 17:37:29,36.0,1.0,36.0,913.0,-
2025-03-21 17:37:29,36.0,1.0,36.0,941.0,-
2025-03-21 17:37:30,36.0,1.0,36.0,944.0,-
2025-03-21 17:37:31,33.8,1.0,36.0,956.0,-
2025-03-21 17:37:31,32.2,1.0,36.0,961.0,-
2025-03-21 17:37:32,30.3,1.0,36.0,964.0,-
2025-03-21 17:37:32,0.0,1.0,36.0,967.0,-
2025-03-21 17:37:32,0.0,1.0,36.0,969.0,-
2025-03-21 17:37:33,0.0,1.0,36.0,969.0,-
2025-03-21 17:37:33,0.0,1.0,36.0,969.0,-
2025-03-21 17:37:34,0.0,1.0,36.0,969.0,-
2025-03-21 17:37:34,1.9,1.0,36.0,969.0,-
2025-03-21 17:37:35,4.0,1.0,36.0,969.0,-
2025-03-21 17:37:35,6.2,1.0,36.0,969.0,-
2025-03-21 17:37:36,5.7,1.0,36.0,969.0,-
2025-03-21 17:37:36,6.2,1.0,36.0,969.0,-
2025-03-21 17:37:36,5.2,1.0,36.0,969.0,-
2025-03-21 17:37:37,3.3,1.0,36.0,969.0,-
2025-03-21 17:37:37,2.2,1.0,36.0,969.0,-
2025-03-21 17:37:37,2.6,1.0,36.0,969.0,-
2025-03-21 17:37:38,3.9,1.0,36.0,969.0,-
2025-03-21 17:37:39,7.0,1.0,36.0,969.0,-
2025-03-21 17:37:39,6.2,1.0,36.0,969.0,-
2025-03-21 17:37:40,2.8,1.0,36.0,969.0,-
2025-03-21 17:37:40,0.1,1.0,36.0,969.0,-
2025-03-21 17:37:42,36.0,1.1,36.0,969.0,-
2025-03-21 17:37:49,36.0,1.1,36.0,1038.0,-
2025-03-21 17:37:50,17.6,1.1,36.0,1051.0,-
2025-03-21 17:37:52,36.0,1.1,36.0,1051.0,-
2025-03-21 17:37:53,36.0,1.1,36.0,1060.0,-
2025-03-21 17:37:53,36.0,1.1,36.0,1063.0,-
2025-03-21 17:37:53,35.6,1.1,36.0,1066.0,-
2025-03-21 17:37:54,36.0,1.1,36.0,1068.0,-
2025-03-21 17:37:54,0.0,1.1,36.0,1072.0,-
2025-03-21 17:37:54,0.0,1.1,36.0,1074.0,-
2025-03-21 17:37:55,0.0,1.1,36.0,1074.0,-
2025-03-21 17:37:55,0.0,1.1,36.0,1074.0,-
2025-03-21 17:37:56,0.0,1.1,36.0,1074.0,-
2025-03-21 17:37:56,0.0,1.1,36.0,1074.0,-
2025-03-21 17:37:58,0.0,1.1,36.0,1074.0,-
2025-03-21 17:37:59,0.0,1.1,36.0,1074.0,-
2025-03-21 17:37:59,0.0,1.1,36.0,1074.0,-
2025-03-21 17:38:00,0.8,1.1,36.0,1074.0,-
2025-03-21 17:38:01,0.9,1.1,36.0,1074.0,-
2025-03-21 17:38:01,0.6,1.1,36.0,1074.0,-
2025-03-21 17:38:01,1.5,1.1,36.0,1074.0,-
2025-03-21 17:38:02,1.1,1.1,36.0,1074.0,-
2025-03-21 17:38:02,2.1,1.1,36.0,1074.0,-
2025-03-21 17:38:03,0.0,1.1,36.0,1074.0,-
2025-03-21 17:38:03,0.0,1.1,36.0,1074.0,-
2025-03-21 17:38:05,0.0,1.1,36.0,1074.0,-
2025-03-21 17:38:06,0.0,1.1,36.0,1074.0,-
2025-03-21 17:38:07,0.0,1.1,36.0,1074.0,-
2025-03-21 17:38:08,0.0,1.1,36.0,1074.0,-
2025-03-21 17:38:09,16.7,1.1,36.0,1074.0,-
2025-03-21 17:38:11,19.9,1.1,36.0,1074.0,-
2025-03-21 17:38:11,21.0,1.1,36.0,1074.0,-
2025-03-21 17:38:12,0.0,1.1,36.0,1074.0,-
2025-03-21 17:38:16,0.0,1.1,36.0,1074.0,-
2025-03-21 17:38:16,0.0,1.1,36.0,1074.0,-
2025-03-21 17:38:18,0.0,1.1,36.0,1074.0,-
2025-03-21 17:38:20,0.0,1.1,36.0,1074.0,-
2025-03-21 17:38:20,0.0,1.1,36.0,1074.0,-
2025-03-21 17:38:21,0.0,1.1,36.0,1074.0,-
2025-03-21 17:38:21,0.0,1.1,36.0,1074.0,-
2025-03-21 17:38:21,0.0,1.1,36.0,1074.0,-
2025-03-21 17:38:22,0.0,1.1,36.0,1074.0,-
2025-03-21 17:38:22,0.0,1.1,36.0,1074.0,-
2025-03-21 17:38:22,0.0,1.1,36.0,1074.0,-
2025-03-21 17:38:23,0.0,1.1,36.0,1074.0,-
2025-03-21 17:38:23,0.0,1.1,36.0,1074.0,-
2025-03-21 17:38:23,0.0,1.1,36.0,1074.0,-
2025-03-21 17:38:24,0.0,1.1,36.0,1074.0,-
2025-03-21 17:38:24,0.0,1.1,36.0,1074.0,-
2025-03-21 17:38:24,0.0,1.1,36.0,1074.0,-
2025-03-21 17:38:25,0.0,1.1,36.0,1074.0,-
2025-03-21 17:38:25,0.0,1.1,36.0,1074.0,-
2025-03-21 17:38:25,0.0,1.1,36.0,1074.0,-
2025-03-21 17:38:25,0.0,1.1,36.0,1074.0,-
2025-03-21 17:38:26,0.0,1.1,36.0,1074.0,-
2025-03-21 17:38:26,0.0,1.1,36.0,1074.0,-
2025-03-21 17:38:26,0.0,1.1,36.0,1074.0,-
2025-03-21 17:38:26,2.4,1.1,36.0,1074.0,-
2025-03-21 17:38:27,10.8,1.1,36.0,1074.0,-
2025-03-21 17:38:28,0.0,1.1,36.0,1074.0,-
2025-03-21 17:38:29,0.0,1.2,36.0,1074.0,-
2025-03-21 17:38:29,0.0,1.2,36.0,1074.0,-
2025-03-21 17:38:29,0.0,1.2,36.0,1074.0,-
2025-03-21 17:38:30,0.0,1.2,36.0,1074.0,-
2025-03-21 17:38:30,0.0,1.2,36.0,1074.0,-
2025-03-21 17:38:30,0.0,1.2,36.0,1074.0,-
2025-03-21 17:38:30,0.0,1.2,36.0,1074.0,-
2025-03-21 17:38:31,0.0,1.2,36.0,1074.0,-
2025-03-21 17:38:31,0.0,1.2,36.0,1074.0,-
2025-03-21 17:38:32,0.0,1.2,36.0,1074.0,-
2025-03-21 17:38:32,0.0,1.2,36.0,1074.0,-
2025-03-21 17:38:32,0.0,1.2,36.0,1074.0,-
2025-03-21 17:38:34,0.0,1.2,36.0,1074.0,-
2025-03-21 17:38:35,0.0,1.2,36.0,1074.0,-
2025-03-21 17:38:36,0.0,1.2,36.0,1074.0,-
2025-03-21 17:38:36,0.0,1.2,36.0,1074.0,-
2025-03-21 17:38:37,0.0,1.2,36.0,1074.0,-
2025-03-21 17:38:37,0.0,1.2,36.0,1074.0,-
2025-03-21 17:38:37,0.3,1.2,36.0,1074.0,-
2025-03-21 17:38:38,1.9,1.2,36.0,1074.0,-
2025-03-21 17:38:38,5.1,1.2,36.0,1074.0,-
2025-03-21 17:38:38,8.0,1.2,36.0,1074.0,-
2025-03-21 17:38:39,0.0,1.2,36.0,1074.0,-
2025-03-21 17:38:39,0.0,1.2,36.0,1074.0,-
2025-03-21 17:38:39,0.0,1.2,36.0,1074.0,-
2025-03-21 17:38:40,0.2,1.2,36.0,1074.0,-
2025-03-21 17:38:40,0.0,1.2,36.0,1074.0,-
2025-03-21 17:38:40,1.3,1.2,36.0,1074.0,-
2025-03-21 17:38:41,0.0,1.2,36.0,1074.0,-
2025-03-21 17:38:41,0.4,1.2,36.0,1074.0,-
2025-03-21 17:38:41,0.0,1.2,36.0,1074.0,-
2025-03-21 17:38:42,1.0,1.2,36.0,1074.0,-
2025-03-21 17:38:42,7.3,1.2,36.0,1074.0,-
2025-03-21 17:38:43,9.1,1.2,36.0,1074.0,-
2025-03-21 17:38:43,11.2,1.2,36.0,1074.0,-
2025-03-21 17:38:43,15.3,1.2,36.0,1074.0,-
2025-03-21 17:38:44,17.6,1.2,36.0,1074.0,-
2025-03-21 17:38:44,21.9,1.2,36.0,1074.0,-
2025-03-21 17:38:45,25.2,1.2,36.0,1074.0,-
2025-03-21 17:38:46,0.0,1.2,36.0,1074.0,-
2025-03-21 17:38:46,0.0,1.2,36.0,1078.0,-
2025-03-21 17:38:47,0.0,1.2,36.0,1078.0,-
2025-03-21 17:38:47,0.0,1.2,36.0,1078.0,-
2025-03-21 17:38:47,0.0,1.2,36.0,1078.0,-
2025-03-21 17:38:48,0.0,1.2,36.0,1078.0,-
2025-03-21 17:38:48,0.0,1.2,36.0,1078.0,-
2025-03-21 17:38:49,0.0,1.2,36.0,1078.0,-
2025-03-21 17:38:49,0.0,1.2,36.0,1078.0,-
2025-03-21 17:38:49,0.0,1.2,36.0,1078.0,-
2025-03-21 17:38:50,0.0,1.2,36.0,1078.0,-
2025-03-21 17:38:51,0.0,1.2,36.0,1078.0,-
2025-03-21 17:38:52,0.1,1.2,36.0,1078.0,-
2025-03-21 17:38:52,0.0,1.2,36.0,1078.0,-
2025-03-21 17:38:53,0.0,1.2,36.0,1078.0,-
2025-03-21 17:38:53,0.0,1.2,36.0,1078.0,-
2025-03-21 17:38:53,0.0,1.2,36.0,1078.0,-
2025-03-21 17:38:54,0.0,1.2,36.0,1078.0,-
2025-03-21 17:38:55,0.0,1.2,36.0,1078.0,-
2025-03-21 17:38:56,0.0,1.2,36.0,1078.0,-
2025-03-21 17:38:56,0.0,1.2,36.0,1078.0,-
2025-03-21 17:38:57,0.0,1.2,36.0,1078.0,-
2025-03-21 17:38:57,0.0,1.2,36.0,1078.0,-
2025-03-21 17:38:57,0.0,1.2,36.0,1078.0,-
2025-03-21 17:38:58,0.0,1.2,36.0,1078.0,-
2025-03-21 17:38:58,0.0,1.2,36.0,1078.0,-
2025-03-21 17:38:59,0.0,1.2,36.0,1078.0,-
2025-03-21 17:38:59,0.0,1.2,36.0,1078.0,-
2025-03-21 17:38:59,0.0,1.2,36.0,1078.0,-
2025-03-21 17:39:00,0.0,1.2,36.0,1078.0,-
2025-03-21 17:39:00,0.0,1.2,36.0,1078.0,-
2025-03-21 17:39:01,0.0,1.2,36.0,1078.0,-
2025-03-21 17:39:02,0.0,1.2,36.0,1078.0,-
2025-03-21 17:39:03,0.0,1.2,36.0,1078.0,-
2025-03-21 17:39:03,0.0,1.2,36.0,1078.0,-
2025-03-21 17:39:03,0.0,1.2,36.0,1078.0,-
2025-03-21 17:39:03,0.0,1.2,36.0,1078.0,-
2025-03-21 17:39:04,0.0,1.2,36.0,1078.0,-
2025-03-21 17:39:04,0.0,1.2,36.0,1078.0,-
2025-03-21 17:39:04,0.0,1.2,36.0,1078.0,-
2025-03-21 17:39:05,0.0,1.2,36.0,1078.0,-
2025-03-21 17:39:05,0.0,1.2,36.0,1078.0,-
2025-03-21 17:39:05,0.0,1.2,36.0,1078.0,-
2025-03-21 17:39:05,0.0,1.2,36.0,1078.0,-
2025-03-21 17:39:06,0.0,1.2,36.0,1078.0,-
2025-03-21 17:39:06,0.0,1.2,36.0,1078.0,-
2025-03-21 17:39:07,0.0,1.2,36.0,1078.0,-
2025-03-21 17:39:07,0.0,1.2,36.0,1078.0,-
2025-03-21 17:39:07,0.0,1.2,36.0,1078.0,-
2025-03-21 17:39:07,0.0,1.2,36.0,1078.0,-
2025-03-21 17:39:08,0.0,1.2,36.0,1078.0,-
2025-03-21 17:39:08,0.0,1.2,36.0,1078.0,-
2025-03-21 17:39:09,0.0,1.2,36.0,1078.0,-
2025-03-21 17:39:10,11.1,1.2,36.0,1078.0,-
2025-03-21 17:39:11,16.4,1.2,36.0,1078.0,-
2025-03-21 17:39:11,19.2,1.2,36.0,1078.0,-
2025-03-21 17:39:12,19.0,1.2,36.0,1078.0,-
2025-03-21 17:39:12,12.7,1.2,36.0,1078.0,-
2025-03-21 17:39:12,7.8,1.2,36.0,1078.0,-
2025-03-21 17:39:13,0.3,1.2,36.0,1078.0,-
2025-03-21 17:39:13,0.0,1.2,36.0,1078.0,-
2025-03-21 17:39:13,0.0,1.2,36.0,1078.0,-
2025-03-21 17:39:14,0.0,1.2,36.0,1078.0,-
2025-03-21 17:39:14,0.0,1.2,36.0,1078.0,-
2025-03-21 17:39:14,0.0,1.2,36.0,1078.0,-
2025-03-21 17:39:15,0.0,1.2,36.0,1078.0,-
2025-03-21 17:39:15,0.0,1.2,36.0,1078.0,-
2025-03-21 17:39:15,0.0,1.2,36.0,1078.0,-
2025-03-21 17:39:15,0.0,1.2,36.0,1078.0,-
2025-03-21 17:39:16,0.0,1.2,36.0,1078.0,-
2025-03-21 17:39:17,0.0,1.2,36.0,1078.0,-
2025-03-21 17:39:18,0.0,1.2,36.0,1078.0,-
2025-03-21 17:39:18,0.0,1.2,36.0,1078.0,-
2025-03-21 17:39:18,0.0,1.2,36.0,1078.0,-
2025-03-21 17:39:19,0.0,1.2,36.0,1078.0,-
2025-03-21 17:39:19,0.0,1.2,36.0,1078.0,-
2025-03-21 17:39:19,0.0,1.2,36.0,1078.0,-
2025-03-21 17:39:20,0.0,1.2,36.0,1078.0,-
2025-03-21 17:39:20,0.0,1.2,36.0,1078.0,-
2025-03-21 17:39:21,0.0,1.2,36.0,1078.0,-
2025-03-21 17:39:21,0.0,1.2,36.0,1078.0,-
2025-03-21 17:39:21,0.0,1.2,36.0,1078.0,-
2025-03-21 17:39:22,0.0,1.2,36.0,1078.0,-
2025-03-21 17:39:22,0.0,1.2,36.0,1078.0,-
2025-03-21 17:39:22,0.0,1.2,36.0,1078.0,-
2025-03-21 17:39:23,0.1,1.2,36.0,1078.0,-
2025-03-21 17:39:23,0.0,1.2,36.0,1078.0,-
2025-03-21 17:39:23,0.0,1.2,36.0,1078.0,-
2025-03-21 17:39:24,0.0,1.2,36.0,1078.0,-
2025-03-21 17:39:24,0.7,1.2,36.0,1078.0,-
2025-03-21 17:39:24,1.2,1.2,36.0,1078.0,-
2025-03-21 17:39:25,1.9,1.2,36.0,1078.0,-
2025-03-21 17:39:25,2.8,1.2,36.0,1078.0,-
2025-03-21 17:39:25,3.4,1.2,36.0,1078.0,-
2025-03-21 17:39:26,3.9,1.2,36.0,1078.0,-
2025-03-21 17:39:27,0.0,1.2,36.0,1078.0,-
2025-03-21 17:39:27,0.0,1.2,36.0,1078.0,-
2025-03-21 17:39:27,0.0,1.2,36.0,1078.0,-
2025-03-21 17:39:27,0.1,1.2,36.0,1078.0,-
2025-03-21 17:39:28,0.0,1.2,36.0,1078.0,-
2025-03-21 17:39:29,0.0,1.2,36.0,1078.0,-
2025-03-21 17:39:29,2.1,1.2,36.0,1078.0,-
2025-03-21 17:39:30,0.2,1.2,36.0,1078.0,-
2025-03-21 17:39:30,1.9,1.2,36.0,1078.0,-
2025-03-21 17:39:31,1.4,1.2,36.0,1078.0,-
2025-03-21 17:39:32,1.2,1.2,36.0,1078.0,-
2025-03-21 17:39:32,0.4,1.2,36.0,1078.0,-
2025-03-21 17:39:32,0.0,1.2,36.0,1078.0,-
2025-03-21 17:39:33,0.0,1.2,36.0,1078.0,-
2025-03-21 17:39:33,0.0,1.2,36.0,1078.0,-
2025-03-21 17:39:33,0.0,1.2,36.0,1078.0,-
2025-03-21 17:39:34,0.0,1.2,36.0,1078.0,-
2025-03-21 17:39:34,0.0,1.2,36.0,1078.0,-
2025-03-21 17:39:34,0.0,1.2,36.0,1078.0,-
2025-03-21 17:39:34,0.0,1.2,36.0,1078.0,-
2025-03-21 17:39:35,0.3,1.2,36.0,1078.0,-
2025-03-21 17:39:35,0.0,1.2,36.0,1078.0,-
2025-03-21 17:39:35,0.2,1.2,36.0,1078.0,-
2025-03-21 17:39:35,0.0,1.2,36.0,1078.0,-
2025-03-21 17:39:36,0.0,1.2,36.0,1078.0,-
2025-03-21 17:39:37,4.3,1.2,36.0,1078.0,-
2025-03-21 17:39:38,11.5,1.2,36.0,1078.0,-
2025-03-21 17:39:38,13.4,1.2,36.0,1078.0,-
2025-03-21 17:39:39,36.0,1.2,36.0,1078.0,-
2025-03-21 17:39:42,36.0,1.2,36.0,1110.0,-
2025-03-21 17:39:42,36.0,1.2,36.0,1116.0,-
2025-03-21 17:39:43,36.0,1.2,36.0,1121.0,-
2025-03-21 17:39:43,36.0,1.2,36.0,1123.0,-
2025-03-21 17:39:43,36.0,1.2,36.0,1126.0,-
2025-03-21 17:39:44,36.0,1.2,36.0,1129.0,-
2025-03-21 17:39:44,36.0,1.2,36.0,1133.0,-
2025-03-21 17:39:44,36.0,1.2,36.0,1135.0,-
2025-03-21 17:39:45,0.0,1.3,36.0,1138.0,-
2025-03-21 17:39:45,0.0,1.3,36.0,1140.0,-
2025-03-21 17:39:46,17.7,1.3,36.0,1140.0,-
2025-03-21 17:39:47,23.2,1.3,36.0,1140.0,-
2025-03-21 17:39:48,26.8,1.3,36.0,1140.0,-
2025-03-21 17:39:48,29.1,1.3,36.0,1144.0,-
2025-03-21 17:39:48,30.9,1.3,36.0,1148.0,-
2025-03-21 17:39:49,34.0,1.3,36.0,1150.0,-
2025-03-21 17:39:49,36.0,1.3,36.0,1152.0,-
2025-03-21 17:39:49,36.0,1.3,36.0,1155.0,-
2025-03-21 17:39:50,0.0,1.3,36.0,1161.0,-
2025-03-21 17:39:50,0.1,1.3,36.0,1163.0,-
2025-03-21 17:39:50,0.0,1.3,36.0,1163.0,-
2025-03-21 17:39:51,0.0,1.3,36.0,1163.0,-
2025-03-21 17:39:51,0.1,1.3,36.0,1163.0,-
2025-03-21 17:39:51,0.0,1.3,36.0,1163.0,-
2025-03-21 17:39:52,0.0,1.3,36.0,1163.0,-
2025-03-21 17:39:53,0.0,1.3,36.0,1163.0,-
2025-03-21 17:39:54,0.0,1.3,36.0,1163.0,-
2025-03-21 17:39:55,0.0,1.3,36.0,1163.0,-
2025-03-21 17:39:55,0.0,1.3,36.0,1163.0,-
2025-03-21 17:39:56,0.0,1.3,36.0,1163.0,-
2025-03-21 17:39:56,0.0,1.3,36.0,1163.0,-
2025-03-21 17:39:56,0.0,1.3,36.0,1163.0,-
2025-03-21 17:39:56,0.0,1.3,36.0,1163.0,-
2025-03-21 17:39:57,0.0,1.3,36.0,1163.0,-
2025-03-21 17:39:57,0.0,1.3,36.0,1163.0,-
2025-03-21 17:39:57,0.0,1.3,36.0,1163.0,-
2025-03-21 17:39:57,0.0,1.3,36.0,1163.0,-
2025-03-21 17:39:58,0.1,1.3,36.0,1163.0,-
2025-03-21 17:39:58,0.0,1.3,36.0,1163.0,-
2025-03-21 17:39:58,0.0,1.3,36.0,1163.0,-
2025-03-21 17:39:59,0.0,1.3,36.0,1163.0,-
2025-03-21 17:39:59,0.0,1.3,36.0,1163.0,-
2025-03-21 17:39:59,0.0,1.3,36.0,1163.0,-
2025-03-21 17:40:00,0.0,1.3,36.0,1163.0,-
2025-03-21 17:40:00,0.0,1.3,36.0,1163.0,-
2025-03-21 17:40:00,0.0,1.3,36.0,1163.0,-
2025-03-21 17:40:01,0.0,1.3,36.0,1163.0,-
2025-03-21 17:40:02,0.0,1.3,36.0,1163.0,-
2025-03-21 17:40:02,0.0,1.3,36.0,1163.0,-
2025-03-21 17:40:02,0.0,1.3,36.0,1163.0,-
2025-03-21 17:40:03,0.0,1.3,36.0,1163.0,-
2025-03-21 17:40:04,0.0,1.3,36.0,1163.0,-
2025-03-21 17:40:04,0.0,1.3,36.0,1163.0,-
2025-03-21 17:40:05,0.7,1.3,36.0,1163.0,-
2025-03-21 17:40:06,0.0,1.3,36.0,1163.0,-
2025-03-21 17:40:06,0.0,1.3,36.0,1163.0,-
2025-03-21 17:40:07,0.0,1.3,36.0,1163.0,-
2025-03-21 17:40:07,0.0,1.3,36.0,1163.0,-
2025-03-21 17:40:08,0.0,1.3,36.0,1163.0,-
2025-03-21 17:40:08,0.0,1.3,36.0,1163.0,-
2025-03-21 17:40:08,0.0,1.3,36.0,1163.0,-
2025-03-21 17:40:09,0.0,1.3,36.0,1163.0,-
2025-03-21 17:40:09,0.0,1.3,36.0,1163.0,-
2025-03-21 17:40:10,0.0,1.3,36.0,1163.0,-
2025-03-21 17:40:11,0.0,1.3,36.0,1163.0,-
2025-03-21 17:40:11,0.0,1.3,36.0,1163.0,-
2025-03-21 17:40:11,0.2,1.3,36.0,1163.0,-
2025-03-21 17:40:11,0.0,1.3,36.0,1163.0,-
2025-03-21 17:40:12,0.0,1.3,36.0,1163.0,-
2025-03-21 17:40:12,0.0,1.3,36.0,1163.0,-
2025-03-21 17:40:13,0.0,1.3,36.0,1163.0,-
2025-03-21 17:40:13,0.4,1.3,36.0,1163.0,-
2025-03-21 17:40:13,2.4,1.3,36.0,1163.0,-
2025-03-21 17:40:14,6.5,1.3,36.0,1163.0,-
2025-03-21 17:40:14,10.4,1.3,36.0,1163.0,-
2025-03-21 17:40:15,12.3,1.3,36.0,1163.0,-
2025-03-21 17:40:15,15.0,1.3,36.0,1163.0,-
2025-03-21 17:40:16,0.0,1.3,36.0,1163.0,-
2025-03-21 17:40:17,0.0,1.3,36.0,1163.0,-
2025-03-21 17:40:17,0.0,1.3,36.0,1163.0,-
2025-03-21 17:40:17,0.0,1.3,36.0,1163.0,-
2025-03-21 17:40:18,0.0,1.3,36.0,1163.0,-
2025-03-21 17:40:18,0.0,1.3,36.0,1163.0,-
2025-03-21 17:40:18,0.0,1.3,36.0,1163.0,-
2025-03-21 17:40:19,0.0,1.3,36.0,1163.0,-
2025-03-21 17:40:19,0.0,1.3,36.0,1163.0,-
2025-03-21 17:40:20,0.0,1.3,36.0,1163.0,-
2025-03-21 17:40:20,0.0,1.3,36.0,1163.0,-
2025-03-21 17:40:21,0.0,1.3,36.0,1163.0,-
2025-03-21 17:40:21,0.0,1.3,36.0,1163.0,-
2025-03-21 17:40:21,0.0,1.3,36.0,1163.0,-
2025-03-21 17:40:22,0.0,1.3,36.0,1163.0,-
2025-03-21 17:40:22,0.0,1.3,36.0,1163.0,-
2025-03-21 17:40:22,0.0,1.3,36.0,1163.0,-
2025-03-21 17:40:23,0.0,1.3,36.0,1163.0,-
2025-03-21 17:40:23,0.0,1.3,36.0,1163.0,-
2025-03-21 17:40:23,0.0,1.3,36.0,1163.0,-
2025-03-21 17:40:23,0.0,1.3,36.0,1163.0,-
2025-03-21 17:40:24,0.0,1.3,36.0,1163.0,-
2025-03-21 17:40:24,0.0,1.3,36.0,1163.0,-
2025-03-21 17:40:24,0.0,1.3,36.0,1163.0,-
2025-03-21 17:40:24,0.0,1.3,36.0,1163.0,-
2025-03-21 17:40:25,0.0,1.3,36.0,1163.0,-
2025-03-21 17:40:25,0.0,1.3,36.0,1163.0,-
2025-03-21 17:40:25,0.0,1.3,36.0,1163.0,-
2025-03-21 17:40:26,0.0,1.3,36.0,1163.0,-
2025-03-21 17:40:26,0.0,1.3,36.0,1163.0,-
2025-03-21 17:40:26,0.0,1.3,36.0,1163.0,-
2025-03-21 17:40:26,0.0,1.3,36.0,1163.0,-
2025-03-21 17:40:27,0.0,1.3,36.0,1163.0,-
2025-03-21 17:40:27,0.0,1.3,36.0,1163.0,-
2025-03-21 17:40:27,0.0,1.3,36.0,1163.0,-
2025-03-21 17:40:28,0.0,1.3,36.0,1163.0,-
2025-03-21 17:40:28,0.0,1.3,36.0,1163.0,-
2025-03-21 17:40:29,0.0,1.3,36.0,1163.0,-
2025-03-21 17:40:30,0.0,1.3,36.0,1163.0,-
2025-03-21 17:40:31,0.0,1.3,36.0,1163.0,-
2025-03-21 17:40:31,0.0,1.3,36.0,1163.0,-
2025-03-21 17:40:32,0.0,1.3,36.0,1163.0,-
2025-03-21 17:40:32,0.0,1.3,36.0,1163.0,-
2025-03-21 17:40:33,0.0,1.3,36.0,1163.0,-
2025-03-21 17:40:33,0.0,1.3,36.0,1163.0,-
2025-03-21 17:40:33,0.0,1.3,36.0,1163.0,-
2025-03-21 17:40:34,0.0,1.3,36.0,1163.0,-
2025-03-21 17:40:35,0.0,1.3,36.0,1163.0,-
2025-03-21 17:40:35,0.0,1.3,36.0,1163.0,-
2025-03-21 17:40:36,0.0,1.3,36.0,1163.0,-
2025-03-21 17:40:36,0.0,1.3,36.0,1163.0,-
2025-03-21 17:40:36,0.0,1.3,36.0,1163.0,-
2025-03-21 17:40:37,0.0,1.3,36.0,1163.0,-
2025-03-21 17:40:37,0.0,1.3,36.0,1163.0,-
2025-03-21 17:40:37,0.0,1.3,36.0,1163.0,-
2025-03-21 17:40:38,0.0,1.3,36.0,1163.0,-
2025-03-21 17:40:38,0.0,1.3,36.0,1163.0,-
2025-03-21 17:40:39,0.0,1.3,36.0,1163.0,-
2025-03-21 17:40:39,0.0,1.3,36.0,1163.0,-
2025-03-21 17:40:40,0.0,1.3,36.0,1163.0,-
2025-03-21 17:40:41,0.0,1.3,36.0,1163.0,-
2025-03-21 17:40:41,0.0,1.3,36.0,1163.0,-
2025-03-21 17:40:41,0.0,1.3,36.0,1163.0,-
2025-03-21 17:40:42,0.0,1.3,36.0,1163.0,-
2025-03-21 17:40:42,0.0,1.3,36.0,1163.0,-
2025-03-21 17:40:42,0.0,1.3,36.0,1163.0,-
2025-03-21 17:40:42,0.0,1.3,36.0,1163.0,-
2025-03-21 17:40:43,0.0,1.3,36.0,1163.0,-
2025-03-21 17:40:43,0.0,1.3,36.0,1163.0,-
2025-03-21 17:40:43,0.0,1.3,36.0,1163.0,-
2025-03-21 17:40:43,0.0,1.3,36.0,1163.0,-
2025-03-21 17:40:44,0.0,1.3,36.0,1163.0,-
2025-03-21 17:40:44,0.0,1.3,36.0,1163.0,-
2025-03-21 17:40:45,0.0,1.3,36.0,1163.0,-
2025-03-21 17:40:45,0.0,1.3,36.0,1163.0,-
2025-03-21 17:40:45,0.0,1.3,36.0,1163.0,-
2025-03-21 17:40:45,0.0,1.3,36.0,1163.0,-
2025-03-21 17:40:46,0.0,1.3,36.0,1163.0,-
2025-03-21 17:40:46,0.0,1.3,36.0,1163.0,-
2025-03-21 17:40:47,0.0,1.3,36.0,1163.0,-
2025-03-21 17:40:47,0.0,1.3,36.0,1163.0,-
2025-03-21 17:40:47,0.0,1.3,36.0,1163.0,-
2025-03-21 17:40:50,0.0,1.3,36.0,1163.0,-
2025-03-21 17:40:51,0.8,1.3,36.0,1163.0,-
2025-03-21 17:40:51,1.7,1.3,36.0,1163.0,-
2025-03-21 17:40:51,2.1,1.3,36.0,1163.0,-
2025-03-21 17:40:52,1.3,1.3,36.0,1163.0,-
2025-03-21 17:40:52,0.1,1.3,36.0,1163.0,-
2025-03-21 17:40:53,0.0,1.3,36.0,1163.0,-
2025-03-21 17:40:53,0.0,1.3,36.0,1163.0,-
2025-03-21 17:40:53,0.0,1.3,36.0,1163.0,-
2025-03-21 17:40:54,0.0,1.3,36.0,1163.0,-
2025-03-21 17:40:54,0.0,1.3,36.0,1163.0,-
2025-03-21 17:40:55,0.0,1.3,36.0,1163.0,-
2025-03-21 17:40:55,0.0,1.3,36.0,1163.0,-
2025-03-21 17:40:56,0.0,1.3,36.0,1163.0,-
2025-03-21 17:40:56,0.0,1.3,36.0,1163.0,-
2025-03-21 17:40:56,0.0,1.3,36.0,1163.0,-
2025-03-21 17:40:56,0.0,1.3,36.0,1163.0,-
2025-03-21 17:40:57,0.0,1.3,36.0,1163.0,-
2025-03-21 17:40:57,0.0,1.3,36.0,1163.0,-
2025-03-21 17:40:58,0.1,1.3,36.0,1163.0,-
2025-03-21 17:40:58,0.0,1.3,36.0,1163.0,-
2025-03-21 17:40:58,0.0,1.3,36.0,1163.0,-
2025-03-21 17:40:59,0.0,1.3,36.0,1163.0,-
2025-03-21 17:40:59,0.4,1.3,36.0,1163.0,-
2025-03-21 17:40:59,3.6,1.3,36.0,1163.0,-
2025-03-21 17:40:59,2.3,1.3,36.0,1163.0,-
2025-03-21 17:41:00,0.0,1.3,36.0,1163.0,-
2025-03-21 17:41:00,0.0,1.3,36.0,1163.0,-
2025-03-21 17:41:00,0.0,1.3,36.0,1163.0,-
2025-03-21 17:41:01,0.0,1.3,36.0,1163.0,-
2025-03-21 17:41:01,0.0,1.3,36.0,1163.0,-
2025-03-21 17:41:02,0.0,1.3,36.0,1163.0,-
2025-03-21 17:41:02,0.0,1.3,36.0,1163.0,-
2025-03-21 17:41:03,0.0,1.3,36.0,1163.0,-
2025-03-21 17:41:04,0.0,1.3,36.0,1163.0,-
2025-03-21 17:41:04,0.0,1.3,36.0,1163.0,-
2025-03-21 17:41:05,0.0,1.3,36.0,1163.0,-
2025-03-21 17:41:05,0.0,1.3,36.0,1163.0,-
2025-03-21 17:41:05,0.0,1.3,36.0,1163.0,-
2025-03-21 17:41:05,0.0,1.3,36.0,1163.0,-
2025-03-21 17:41:06,0.0,1.3,36.0,1163.0,-
2025-03-21 17:41:06,0.0,1.3,36.0,1163.0,-
2025-03-21 17:41:06,0.0,1.3,36.0,1163.0,-
2025-03-21 17:41:07,0.0,1.3,36.0,1163.0,-
2025-03-21 17:41:07,0.0,1.3,36.0,1163.0,-
2025-03-21 17:41:07,0.0,1.3,36.0,1163.0,-
2025-03-21 17:41:07,0.0,1.3,36.0,1163.0,-
2025-03-21 17:41:08,0.0,1.3,36.0,1163.0,-
2025-03-21 17:41:08,0.0,1.3,36.0,1163.0,-
2025-03-21 17:41:08,0.0,1.3,36.0,1163.0,-
2025-03-21 17:41:08,0.0,1.3,36.0,1163.0,-
2025-03-21 17:41:09,0.0,1.3,36.0,1163.0,-
2025-03-21 17:41:09,0.0,1.3,36.0,1163.0,-
2025-03-21 17:41:09,0.0,1.3,36.0,1163.0,-
2025-03-21 17:41:10,0.0,1.3,36.0,1163.0,-
2025-03-21 17:41:10,0.0,1.3,36.0,1163.0,-
2025-03-21 17:41:10,0.0,1.3,36.0,1163.0,-
2025-03-21 17:41:11,0.0,1.3,36.0,1163.0,-
2025-03-21 17:41:11,0.0,1.3,36.0,1163.0,-
2025-03-21 17:41:11,0.0,1.3,36.0,1163.0,-
2025-03-21 17:41:11,0.0,1.3,36.0,1163.0,-
2025-03-21 17:41:12,0.0,1.3,36.0,1163.0,-
2025-03-21 17:41:12,0.0,1.3,36.0,1163.0,-
2025-03-21 17:41:12,0.0,1.3,36.0,1163.0,-
2025-03-21 17:41:13,0.0,1.3,36.0,1163.0,-
2025-03-21 17:41:13,0.0,1.3,36.0,1163.0,-
2025-03-21 17:41:13,0.0,1.3,36.0,1163.0,-
2025-03-21 17:41:13,0.0,1.3,36.0,1163.0,-
2025-03-21 17:41:14,0.0,1.3,36.0,1163.0,-
2025-03-21 17:41:14,0.0,1.3,36.0,1163.0,-
2025-03-21 17:41:14,0.0,1.3,36.0,1163.0,-
2025-03-21 17:41:15,0.0,1.3,36.0,1163.0,-
2025-03-21 17:41:15,0.0,1.3,36.0,1163.0,-
2025-03-21 17:41:15,0.0,1.3,36.0,1163.0,-
2025-03-21 17:41:16,0.0,1.3,36.0,1163.0,-
2025-03-21 17:41:16,0.0,1.3,36.0,1163.0,-
2025-03-21 17:41:17,0.0,1.3,36.0,1163.0,-
2025-03-21 17:41:18,0.0,1.3,36.0,1163.0,-
2025-03-21 17:41:18,0.0,1.3,36.0,1163.0,-
2025-03-21 17:41:18,0.0,1.3,36.0,1163.0,-
2025-03-21 17:41:19,0.0,1.3,36.0,1163.0,-
2025-03-21 17:41:19,0.0,1.3,36.0,1163.0,-
2025-03-21 17:41:19,0.0,1.3,36.0,1163.0,-
2025-03-21 17:41:20,0.0,1.3,36.0,1163.0,-
2025-03-21 17:41:20,0.0,1.3,36.0,1163.0,-
2025-03-21 17:41:20,0.0,1.3,36.0,1163.0,-
2025-03-21 17:41:20,0.0,1.3,36.0,1163.0,-
2025-03-21 17:41:21,0.0,1.3,36.0,1163.0,-
2025-03-21 17:41:21,0.0,1.3,36.0,1163.0,-
2025-03-21 17:41:21,0.0,1.3,36.0,1163.0,-
2025-03-21 17:41:22,0.0,1.3,36.0,1163.0,-
2025-03-21 17:41:22,0.0,1.3,36.0,1163.0,-
2025-03-21 17:41:22,0.0,1.3,36.0,1163.0,-
2025-03-21 17:41:22,0.0,1.3,36.0,1163.0,-
2025-03-21 17:41:23,0.1,1.3,36.0,1163.0,-
2025-03-21 17:41:23,0.0,1.3,36.0,1163.0,-
2025-03-21 17:41:23,0.5,1.3,36.0,1163.0,-
2025-03-21 17:41:23,1.5,1.3,36.0,1163.0,-
2025-03-21 17:41:24,5.0,1.3,36.0,1163.0,-
2025-03-21 17:41:24,7.9,1.3,36.0,1163.0,-
2025-03-21 17:41:25,9.4,1.3,36.0,1163.0,-
2025-03-21 17:41:25,10.5,1.3,36.0,1163.0,-
2025-03-21 17:41:25,12.2,1.3,36.0,1163.0,-
2025-03-21 17:41:25,13.6,1.3,36.0,1163.0,-
2025-03-21 17:41:26,0.0,1.3,36.0,1163.0,-
2025-03-21 17:41:26,0.0,1.3,36.0,1163.0,-
2025-03-21 17:41:26,0.0,1.3,36.0,1163.0,-
2025-03-21 17:41:27,0.0,1.3,36.0,1163.0,-
2025-03-21 17:41:27,0.0,1.3,36.0,1163.0,-
2025-03-21 17:41:28,0.0,1.3,36.0,1163.0,-
2025-03-21 17:41:28,0.0,1.3,36.0,1163.0,-
2025-03-21 17:41:28,0.0,1.3,36.0,1163.0,-
2025-03-21 17:41:29,0.0,1.3,36.0,1163.0,-
2025-03-21 17:41:29,0.0,1.3,36.0,1163.0,-
2025-03-21 17:41:29,0.0,1.3,36.0,1163.0,-
2025-03-21 17:41:30,0.0,1.3,36.0,1163.0,-
2025-03-21 17:41:30,0.1,1.3,36.0,1163.0,-
2025-03-21 17:41:30,1.4,1.3,36.0,1163.0,-
2025-03-21 17:41:31,13.1,1.3,36.0,1163.0,-
2025-03-21 17:41:32,0.0,1.3,36.0,1163.0,-
2025-03-21 17:41:33,0.0,1.3,36.0,1163.0,-
2025-03-21 17:41:34,0.0,1.3,36.0,1163.0,-
2025-03-21 17:41:34,0.0,1.3,36.0,1163.0,-
2025-03-21 17:41:35,0.0,1.3,36.0,1163.0,-
2025-03-21 17:41:35,0.0,1.3,36.0,1163.0,-
2025-03-21 17:41:35,0.0,1.3,36.0,1163.0,-
2025-03-21 17:41:36,0.0,1.3,36.0,1163.0,-
2025-03-21 17:41:36,0.0,1.3,36.0,1163.0,-
2025-03-21 17:41:36,0.0,1.3,36.0,1163.0,-
2025-03-21 17:41:37,0.0,1.3,36.0,1163.0,-
2025-03-21 17:41:37,0.0,1.3,36.0,1163.0,-
2025-03-21 17:41:38,0.1,1.3,36.0,1163.0,-
2025-03-21 17:41:38,0.0,1.3,36.0,1163.0,-
2025-03-21 17:41:38,0.0,1.3,36.0,1163.0,-
2025-03-21 17:41:38,0.2,1.3,36.0,1163.0,-
2025-03-21 17:41:39,1.7,1.3,36.0,1163.0,-
2025-03-21 17:41:39,2.2,1.3,36.0,1163.0,-
2025-03-21 17:41:39,3.6,1.3,36.0,1163.0,-
2025-03-21 17:41:39,3.9,1.3,36.0,1163.0,-
2025-03-21 17:41:40,4.1,1.3,36.0,1163.0,-
2025-03-21 17:41:40,4.6,1.3,36.0,1163.0,-
2025-03-21 17:41:40,5.3,1.3,36.0,1163.0,-
2025-03-21 17:41:40,4.6,1.3,36.0,1163.0,-
2025-03-21 17:41:41,7.3,1.3,36.0,1163.0,-
2025-03-21 17:41:41,15.3,1.3,36.0,1163.0,-
2025-03-21 17:41:41,21.9,1.3,36.0,1163.0,-
2025-03-21 17:41:42,25.1,1.3,36.0,1163.0,-
2025-03-21 17:41:42,28.4,1.3,36.0,1163.0,-
2025-03-21 17:41:42,30.4,1.3,36.0,1166.0,-
2025-03-21 17:41:43,32.1,1.3,36.0,1168.0,-
2025-03-21 17:41:43,34.3,1.3,36.0,1170.0,-
2025-03-21 17:41:43,36.0,1.3,36.0,1173.0,-
2025-03-21 17:41:43,36.0,1.3,36.0,1177.0,-
2025-03-21 17:41:44,36.0,1.3,36.0,1180.0,-
2025-03-21 17:41:44,0.0,1.3,36.0,1182.0,-
2025-03-21 17:41:44,0.0,1.3,36.0,1186.0,-
2025-03-21 17:41:45,0.0,1.3,36.0,1186.0,-
2025-03-21 17:41:45,0.0,1.3,36.0,1186.0,-
2025-03-21 17:41:46,0.0,1.3,36.0,1186.0,-
2025-03-21 17:41:46,0.0,1.3,36.0,1186.0,-
2025-03-21 17:41:47,0.0,1.3,36.0,1186.0,-
2025-03-21 17:41:47,0.0,1.3,36.0,1186.0,-
2025-03-21 17:41:47,0.0,1.3,36.0,1186.0,-
2025-03-21 17:41:48,0.0,1.3,36.0,1186.0,-
2025-03-21 17:41:49,0.0,1.3,36.0,1186.0,-
2025-03-21 17:41:49,0.0,1.3,36.0,1186.0,-
2025-03-21 17:41:50,0.0,1.3,36.0,1186.0,-
2025-03-21 17:41:50,0.0,1.3,36.0,1186.0,-
2025-03-21 17:41:50,0.0,1.3,36.0,1186.0,-
2025-03-21 17:41:50,0.0,1.3,36.0,1186.0,-
2025-03-21 17:41:51,0.0,1.3,36.0,1186.0,-
2025-03-21 17:41:51,0.0,1.3,36.0,1186.0,-
2025-03-21 17:41:51,0.0,1.3,36.0,1186.0,-
2025-03-21 17:41:51,0.0,1.3,36.0,1186.0,-
2025-03-21 17:41:52,0.0,1.3,36.0,1186.0,-
2025-03-21 17:41:52,0.0,1.3,36.0,1186.0,-
2025-03-21 17:41:52,0.0,1.3,36.0,1186.0,-
2025-03-21 17:41:52,0.0,1.3,36.0,1186.0,-
2025-03-21 17:41:53,0.0,1.3,36.0,1186.0,-
2025-03-21 17:41:53,0.0,1.3,36.0,1186.0,-
2025-03-21 17:41:54,0.0,1.3,36.0,1186.0,-
2025-03-21 17:41:54,0.0,1.3,36.0,1186.0,-
2025-03-21 17:41:54,0.0,1.3,36.0,1186.0,-
2025-03-21 17:41:54,0.0,1.3,36.0,1186.0,-
2025-03-21 17:41:55,0.0,1.3,36.0,1186.0,-
2025-03-21 17:41:55,0.0,1.3,36.0,1186.0,-
2025-03-21 17:41:55,0.0,1.3,36.0,1186.0,-
2025-03-21 17:41:55,0.0,1.3,36.0,1186.0,-
2025-03-21 17:41:56,0.0,1.3,36.0,1186.0,-
2025-03-21 17:41:56,0.0,1.3,36.0,1186.0,-
2025-03-21 17:41:56,0.0,1.3,36.0,1186.0,-
2025-03-21 17:41:56,0.0,1.3,36.0,1186.0,-
2025-03-21 17:41:57,0.0,1.3,36.0,1186.0,-
2025-03-21 17:41:57,0.0,1.3,36.0,1186.0,-
2025-03-21 17:41:57,0.0,1.3,36.0,1186.0,-
2025-03-21 17:41:57,0.0,1.3,36.0,1186.0,-
2025-03-21 17:41:58,0.0,1.3,36.0,1186.0,-
2025-03-21 17:41:58,0.0,1.3,36.0,1186.0,-
2025-03-21 17:41:58,0.0,1.3,36.0,1186.0,-
2025-03-21 17:41:59,0.0,1.3,36.0,1186.0,-
2025-03-21 17:41:59,0.0,1.3,36.0,1186.0,-
2025-03-21 17:41:59,0.0,1.3,36.0,1186.0,-
2025-03-21 17:41:59,0.0,1.3,36.0,1186.0,-
2025-03-21 17:42:00,0.0,1.3,36.0,1186.0,-
2025-03-21 17:42:00,0.0,1.3,36.0,1186.0,-
2025-03-21 17:42:00,0.0,1.3,36.0,1186.0,-
2025-03-21 17:42:00,0.0,1.3,36.0,1186.0,-
2025-03-21 17:42:01,0.0,1.3,36.0,1186.0,-
2025-03-21 17:42:01,0.0,1.3,36.0,1186.0,-
2025-03-21 17:42:01,0.0,1.3,36.0,1186.0,-
2025-03-21 17:42:02,0.0,1.3,36.0,1186.0,-
2025-03-21 17:42:05,0.0,1.3,36.0,1186.0,-
2025-03-21 17:42:05,0.0,1.3,36.0,1186.0,-
2025-03-21 17:42:05,0.0,1.3,36.0,1186.0,-
2025-03-21 17:42:06,0.0,1.3,36.0,1186.0,-
2025-03-21 17:42:06,0.0,1.3,36.0,1186.0,-
2025-03-21 17:42:06,0.0,1.3,36.0,1186.0,-
2025-03-21 17:42:07,0.0,1.3,36.0,1186.0,-
2025-03-21 17:42:07,0.0,1.3,36.0,1186.0,-
2025-03-21 17:42:07,0.0,1.3,36.0,1186.0,-
2025-03-21 17:42:07,0.0,1.3,36.0,1186.0,-
2025-03-21 17:42:08,0.0,1.3,36.0,1186.0,-
2025-03-21 17:42:08,0.0,1.3,36.0,1186.0,-
2025-03-21 17:42:08,0.0,1.3,36.0,1186.0,-
2025-03-21 17:42:09,0.0,1.3,36.0,1186.0,-
2025-03-21 17:48:49,0.0,0.0,0.0,0.0,-
2025-03-21 17:48:49,0.0,0.0,0.0,0.0,-
2025-03-21 17:48:50,0.0,0.0,0.0,0.0,-
2025-03-21 17:48:50,0.0,0.0,0.0,0.0,-
2025-03-21 17:48:50,0.0,0.0,0.0,0.0,-
2025-03-21 17:48:50,0.0,0.0,0.0,0.0,-
2025-03-21 17:48:51,0.0,0.0,0.0,0.0,-
2025-03-21 17:48:51,0.0,0.0,0.0,0.0,-
2025-03-21 17:48:51,0.0,0.0,0.0,0.0,-
2025-03-21 17:48:52,0.0,0.0,0.0,0.0,-
2025-03-21 17:48:52,0.0,0.0,0.0,0.0,-
2025-03-21 17:48:52,0.0,0.0,0.0,0.0,-
2025-03-21 17:48:53,0.0,0.0,0.0,0.0,-
2025-03-21 17:48:53,0.0,0.0,0.0,0.0,-
2025-03-21 17:48:53,0.0,0.0,0.0,0.0,-
2025-03-21 17:48:54,0.0,0.0,0.0,0.0,-
2025-03-21 17:48:54,0.0,0.0,0.0,0.0,-
2025-03-21 17:48:54,0.0,0.0,0.0,0.0,-
2025-03-21 17:48:55,0.0,0.0,0.0,0.0,-
2025-03-21 17:48:55,0.0,0.0,0.0,0.0,-
2025-03-21 17:48:55,0.0,0.0,0.0,0.0,-
2025-03-21 17:48:56,0.0,0.0,0.0,0.0,-
2025-03-21 17:48:56,0.0,0.0,0.0,0.0,-
2025-03-21 17:48:56,0.0,0.0,0.0,0.0,-
2025-03-21 17:48:57,0.5,0.0,0.5,0.0,-
2025-03-21 17:48:57,0.8,0.0,0.8,0.0,-
2025-03-21 17:48:57,0.0,0.0,0.8,0.0,-
2025-03-21 17:48:58,0.0,0.0,0.8,0.0,-
2025-03-21 17:48:58,0.0,0.0,0.8,0.0,-
2025-03-21 17:48:58,0.0,0.0,0.8,0.0,-
2025-03-21 17:48:58,0.2,0.0,0.8,0.0,-
2025-03-21 17:48:59,0.1,0.0,0.8,0.0,-
2025-03-21 17:48:59,0.1,0.0,0.8,0.0,-
2025-03-21 17:48:59,0.1,0.0,0.8,0.0,-
2025-03-21 17:49:00,0.0,0.0,0.8,0.0,-
2025-03-21 17:49:00,0.0,0.0,0.8,0.0,-
2025-03-21 17:49:01,0.3,0.0,0.8,0.0,-
2025-03-21 17:49:01,0.6,0.0,0.8,0.0,-
2025-03-21 17:49:01,0.3,0.0,0.8,0.0,-
2025-03-21 17:49:02,0.3,0.0,0.8,0.0,-
2025-03-21 17:49:03,0.0,0.0,0.8,0.0,-
2025-03-21 17:49:03,1.2,0.0,1.2,0.0,-
2025-03-21 17:49:04,2.1,0.0,2.1,0.0,-
2025-03-21 17:49:04,2.2,0.0,2.2,0.0,-
2025-03-21 17:49:05,1.8,0.0,2.2,0.0,-
2025-03-21 17:49:05,1.6,0.0,2.2,0.0,-
2025-03-21 17:49:06,0.3,0.0,2.2,0.0,-
2025-03-21 17:49:06,0.0,0.0,2.2,0.0,-
2025-03-21 17:49:06,0.0,0.0,2.2,0.0,-
2025-03-21 17:49:07,0.1,0.0,2.2,0.0,-
2025-03-21 17:49:07,0.8,0.0,2.2,0.0,-
2025-03-21 17:49:07,1.0,0.0,2.2,0.0,-
2025-03-21 17:49:07,1.2,0.0,2.2,0.0,-
2025-03-21 17:49:08,0.0,0.0,2.2,0.0,-
2025-03-21 17:49:08,0.2,0.0,2.2,0.0,-
2025-03-21 17:49:08,0.4,0.0,2.2,0.0,-
2025-03-21 17:49:09,0.1,0.0,2.2,0.0,-
2025-03-21 17:49:09,0.0,0.0,2.2,0.0,-
2025-03-21 17:49:09,0.0,0.0,2.2,0.0,-
2025-03-21 17:49:10,0.0,0.0,2.2,0.0,-
2025-03-21 17:49:10,0.1,0.0,2.2,0.0,-
2025-03-21 17:49:10,0.4,0.0,2.2,0.0,-
2025-03-21 17:49:11,0.1,0.0,2.2,0.0,-
2025-03-21 17:49:11,0.6,0.0,2.2,0.0,-
2025-03-21 17:49:11,0.0,0.0,2.2,0.0,-
2025-03-21 17:49:12,0.0,0.0,2.2,0.0,-
2025-03-21 17:49:12,0.0,0.0,2.2,0.0,-
2025-03-21 17:49:12,0.5,0.0,2.2,0.0,-
2025-03-21 17:49:13,1.0,0.0,2.2,0.0,-
2025-03-21 17:49:13,0.0,0.0,2.2,0.0,-
2025-03-21 17:49:13,0.0,0.0,2.2,0.0,-
2025-03-21 17:49:14,0.7,0.0,2.2,0.0,-
2025-03-21 17:49:14,0.0,0.0,2.2,0.0,-
2025-03-21 17:49:15,0.0,0.0,2.2,0.0,-
2025-03-21 17:49:15,0.0,0.0,2.2,0.0,-
2025-03-21 17:49:15,0.0,0.0,2.2,0.0,-
2025-03-21 17:49:16,0.0,0.0,2.2,0.0,-
2025-03-21 17:49:16,0.0,0.0,2.2,0.0,-
2025-03-21 17:49:17,0.0,0.0,2.2,0.0,-
2025-03-21 17:49:18,0.0,0.0,2.2,0.0,-
2025-03-21 17:49:19,0.0,0.0,2.2,0.0,-
2025-03-21 17:49:19,0.0,0.0,2.2,0.0,-
2025-03-21 17:49:19,0.9,0.0,2.2,0.0,-
2025-03-21 17:49:20,0.0,0.0,2.2,0.0,-
2025-03-21 17:49:20,0.0,0.0,2.2,0.0,-
2025-03-21 17:49:20,0.0,0.0,2.2,0.0,-
2025-03-21 17:49:21,0.2,0.0,2.2,0.0,-
2025-03-21 17:49:21,0.0,0.0,2.2,0.0,-
2025-03-21 17:49:21,0.0,0.0,2.2,0.0,-
2025-03-21 17:49:22,0.6,0.0,2.2,0.0,-
2025-03-21 17:49:22,0.0,0.0,2.2,0.0,-
2025-03-21 17:49:23,0.0,0.0,2.2,0.0,-
2025-03-21 17:49:23,0.2,0.0,2.2,0.0,-
2025-03-21 17:49:24,0.0,0.0,2.2,0.0,-
2025-03-21 17:49:24,0.2,0.0,2.2,0.0,-
2025-03-21 17:49:24,0.0,0.0,2.2,0.0,-
2025-03-21 17:49:25,0.0,0.0,2.2,0.0,-
2025-03-21 17:49:25,0.0,0.0,2.2,0.0,-
2025-03-21 17:49:25,0.6,0.0,2.2,0.0,-
2025-03-21 17:49:26,0.8,0.0,2.2,0.0,-
2025-03-21 17:49:26,1.1,0.0,2.2,0.0,-
2025-03-21 17:49:26,0.2,0.0,2.2,0.0,-
2025-03-21 17:49:27,0.0,0.0,2.2,0.0,-
2025-03-21 17:49:27,0.0,0.0,2.2,0.0,-
2025-03-21 17:49:27,0.0,0.0,2.2,0.0,-
2025-03-21 17:49:28,0.0,0.0,2.2,0.0,-
2025-03-21 17:49:28,1.3,0.0,2.2,0.0,-
2025-03-21 17:49:28,0.0,0.0,2.2,0.0,-
2025-03-21 17:49:29,0.0,0.0,2.2,0.0,-
2025-03-21 17:49:29,0.0,0.0,2.2,0.0,-
2025-03-21 17:49:29,0.0,0.0,2.2,0.0,-
2025-03-21 17:49:30,0.3,0.0,2.2,0.0,-
2025-03-21 17:49:30,1.0,0.0,2.2,0.0,-
2025-03-21 17:49:31,1.6,0.0,2.2,0.0,-
2025-03-21 17:49:31,0.0,0.0,2.2,0.0,-
2025-03-21 17:49:31,1.4,0.0,2.2,0.0,-
2025-03-21 17:49:32,2.3,0.0,2.3,0.0,-
2025-03-21 17:49:33,5.5,0.0,5.6,0.0,-
2025-03-21 17:49:33,7.1,0.0,7.1,0.0,-
2025-03-21 17:49:33,10.0,0.0,10.0,0.0,-
2025-03-21 17:49:34,10.9,0.0,10.9,0.0,-
2025-03-21 17:49:34,10.1,0.0,10.9,0.0,-
2025-03-21 17:49:35,11.2,0.0,11.2,0.0,-
2025-03-21 17:49:35,11.8,0.0,11.8,0.0,-
2025-03-21 17:49:35,11.7,0.0,12.0,0.0,-
2025-03-21 17:49:36,10.8,0.0,12.0,0.0,-
2025-03-21 17:49:37,9.4,0.0,12.0,0.0,-
2025-03-21 17:49:37,8.9,0.0,12.0,0.0,-
2025-03-21 17:49:37,9.0,0.0,12.0,0.0,-
2025-03-21 17:49:38,9.0,0.0,12.0,0.0,-
2025-03-21 17:49:38,9.2,0.0,12.0,0.0,-
2025-03-21 17:49:38,10.4,0.0,12.0,0.0,-
2025-03-21 17:49:39,10.2,0.0,12.0,0.0,-
2025-03-21 17:49:39,11.4,0.0,12.0,0.0,-
2025-03-21 17:49:40,0.0,0.0,12.0,0.0,-
2025-03-21 17:49:40,0.1,0.0,12.0,0.0,-
2025-03-21 17:49:40,0.3,0.0,12.0,0.0,-
2025-03-21 17:49:41,1.0,0.0,12.0,0.0,-
2025-03-21 17:49:41,2.4,0.0,12.0,0.0,-
2025-03-21 17:49:41,2.1,0.0,12.0,0.0,-
2025-03-21 17:49:42,2.7,0.0,12.0,0.0,-
2025-03-21 17:49:42,3.2,0.0,12.0,0.0,-
2025-03-21 17:49:42,2.8,0.0,12.0,0.0,-
2025-03-21 17:49:43,3.1,0.0,12.0,0.0,-
2025-03-21 17:49:43,6.0,0.0,12.0,0.0,-
2025-03-21 17:49:44,6.0,0.0,12.0,0.0,-
2025-03-21 17:49:44,6.3,0.0,12.0,0.0,-
2025-03-21 17:49:44,8.0,0.0,12.0,0.0,-
2025-03-21 17:49:45,7.8,0.0,12.0,0.0,-
2025-03-21 17:49:45,8.4,0.0,12.0,0.0,-
2025-03-21 17:49:45,9.0,0.0,12.0,0.0,-
2025-03-21 17:49:46,8.8,0.0,12.0,0.0,-
2025-03-21 17:49:46,9.0,0.0,12.0,0.0,-
2025-03-21 17:49:46,9.5,0.0,12.0,0.0,-
2025-03-21 17:49:47,9.4,0.0,12.0,0.0,-
2025-03-21 17:49:48,11.4,0.0,12.0,0.0,-
2025-03-21 17:49:48,10.5,0.0,12.0,0.0,-
2025-03-21 17:49:49,10.0,0.0,12.0,0.0,-
2025-03-21 17:49:50,9.9,0.0,12.0,0.0,-
2025-03-21 17:49:50,10.1,0.0,12.0,0.0,-
2025-03-21 17:49:50,10.3,0.0,12.0,0.0,-
2025-03-21 17:49:51,10.2,0.0,12.0,0.0,-
2025-03-21 17:49:52,9.8,0.0,12.0,0.0,-
2025-03-21 17:49:53,9.7,0.0,12.0,0.0,-
2025-03-21 17:49:53,0.0,0.0,12.0,0.0,-
2025-03-21 17:49:54,0.0,0.0,12.0,0.0,-
2025-03-21 17:49:54,0.0,0.0,12.0,0.0,-
2025-03-21 17:49:54,0.0,0.0,12.0,0.0,-
2025-03-21 17:49:55,0.0,0.0,12.0,0.0,-
2025-03-21 17:49:55,0.0,0.0,12.0,0.0,-
2025-03-21 17:49:56,0.0,0.0,12.0,0.0,-
2025-03-21 17:49:58,0.0,0.0,12.0,0.0,-
2025-03-21 17:49:59,0.0,0.0,12.0,0.0,-
2025-03-21 17:49:59,0.0,0.0,12.0,0.0,-
2025-03-21 17:50:00,0.0,0.0,12.0,0.0,-
2025-03-21 17:50:00,1.2,0.0,12.0,0.0,-
2025-03-21 17:50:00,1.1,0.0,12.0,0.0,-
2025-03-21 17:50:01,0.7,0.0,12.0,0.0,-
2025-03-21 17:50:01,0.4,0.0,12.0,0.0,-
2025-03-21 17:50:01,0.0,0.0,12.0,0.0,-
2025-03-21 17:50:02,0.0,0.0,12.0,0.0,-
2025-03-21 17:50:02,0.0,0.0,12.0,0.0,-
2025-03-21 17:50:03,0.0,0.0,12.0,0.0,-
2025-03-21 17:50:03,0.0,0.0,12.0,0.0,-
2025-03-21 17:50:04,0.0,0.0,12.0,0.0,-
2025-03-21 17:50:04,0.0,0.0,12.0,0.0,-
2025-03-21 17:50:04,0.0,0.0,12.0,0.0,-
2025-03-21 17:50:05,0.0,0.0,12.0,0.0,-
2025-03-21 17:50:05,0.8,0.0,12.0,0.0,-
2025-03-21 17:50:05,1.3,0.0,12.0,0.0,-
2025-03-21 17:50:06,0.0,0.0,12.0,0.0,-
2025-03-21 17:50:07,0.0,0.0,12.0,0.0,-
2025-03-21 17:50:07,0.4,0.0,12.0,0.0,-
2025-03-21 17:50:07,0.0,0.0,12.0,0.0,-
2025-03-21 17:50:08,1.4,0.0,12.0,0.0,-
2025-03-21 17:50:08,1.7,0.0,12.0,0.0,-
2025-03-21 17:50:09,3.3,0.0,12.0,0.0,-
2025-03-21 17:50:09,2.1,0.0,12.0,0.0,-
2025-03-21 17:50:10,0.5,0.0,12.0,0.0,-
2025-03-21 17:50:10,0.0,0.0,12.0,0.0,-
2025-03-21 17:50:11,0.0,0.0,12.0,0.0,-
2025-03-21 17:50:11,0.0,0.0,12.0,0.0,-
2025-03-21 17:50:12,1.6,0.0,12.0,0.0,-
2025-03-21 17:50:12,0.0,0.0,12.0,0.0,-
2025-03-21 17:50:13,0.0,0.0,12.0,0.0,-
2025-03-21 17:50:13,2.7,0.0,12.0,0.0,-
2025-03-21 17:50:13,3.5,0.0,12.0,0.0,-
2025-03-21 17:50:14,3.7,0.0,12.0,0.0,-
2025-03-21 17:50:14,2.1,0.0,12.0,0.0,-
2025-03-21 17:50:14,0.0,0.0,12.0,0.0,-
2025-03-21 17:50:15,0.0,0.0,12.0,0.0,-
2025-03-21 17:50:15,0.0,0.0,12.0,0.0,-
2025-03-21 17:50:15,1.5,0.0,12.0,0.0,-
2025-03-21 17:50:16,1.5,0.0,12.0,0.0,-
2025-03-21 17:50:16,2.8,0.0,12.0,0.0,-
2025-03-21 17:50:18,2.8,0.0,12.0,0.0,-
2025-03-21 17:50:19,2.2,0.0,12.0,0.0,-
2025-03-21 17:50:20,1.7,0.0,12.0,0.0,-
2025-03-21 17:50:20,1.0,0.0,12.0,0.0,-
2025-03-21 17:50:20,0.5,0.0,12.0,0.0,-
2025-03-21 17:50:21,0.0,0.0,12.0,0.0,-
2025-03-21 17:50:21,0.0,0.0,12.0,0.0,-
2025-03-21 17:50:22,0.0,0.0,12.0,0.0,-
2025-03-21 17:50:22,0.0,0.0,12.0,0.0,-
2025-03-21 17:50:23,0.0,0.0,12.0,0.0,-
2025-03-21 17:50:23,0.0,0.0,12.0,0.0,-
2025-03-21 17:50:23,0.0,0.0,12.0,0.0,-
2025-03-21 17:50:24,0.0,0.0,12.0,0.0,-
2025-03-21 17:50:24,0.0,0.0,12.0,0.0,-
2025-03-21 17:50:25,0.0,0.0,12.0,0.0,-
2025-03-21 17:50:25,0.0,0.0,12.0,0.0,-
2025-03-21 17:50:25,0.0,0.0,12.0,0.0,-
2025-03-21 17:50:25,0.0,0.0,12.0,0.0,-
2025-03-21 17:50:26,0.0,0.0,12.0,0.0,-
2025-03-21 17:50:26,0.0,0.0,12.0,0.0,-
2025-03-21 17:50:27,1.8,0.0,12.0,0.0,-
2025-03-21 17:50:27,2.2,0.0,12.0,0.0,-
2025-03-21 17:50:28,2.3,0.0,12.0,0.0,-
2025-03-21 17:50:28,0.3,0.0,12.0,0.0,-
2025-03-21 17:50:29,0.5,0.0,12.0,0.0,-
2025-03-21 17:50:29,2.2,0.0,12.0,0.0,-
2025-03-21 17:50:29,2.1,0.0,12.0,0.0,-
2025-03-21 17:50:30,2.0,0.0,12.0,0.0,-
2025-03-21 17:50:30,3.0,0.0,12.0,0.0,-
2025-03-21 17:50:30,1.4,0.0,12.0,0.0,-
2025-03-21 17:50:31,3.8,0.0,12.0,0.0,-
2025-03-21 17:50:31,3.4,0.0,12.0,0.0,-
2025-03-21 17:50:31,2.2,0.0,12.0,0.0,-
2025-03-21 17:50:32,3.1,0.0,12.0,0.0,-
2025-03-21 17:50:33,2.9,0.0,12.0,0.0,-
2025-03-21 17:50:33,6.4,0.0,12.0,0.0,-
2025-03-21 17:50:34,6.7,0.0,12.0,0.0,-
2025-03-21 17:50:34,8.8,0.0,12.0,0.0,-
2025-03-21 17:50:34,8.7,0.0,12.0,0.0,-
2025-03-21 17:50:35,9.1,0.0,12.0,0.0,-
2025-03-21 17:50:35,10.7,0.0,12.0,0.0,-
2025-03-21 17:50:35,13.6,0.0,13.6,0.0,-
2025-03-21 17:50:36,10.5,0.0,13.6,0.0,-
2025-03-21 17:50:36,9.0,0.0,13.6,0.0,-
2025-03-21 17:50:36,10.5,0.0,13.6,0.0,-
2025-03-21 17:50:37,11.8,0.0,13.6,0.0,-
2025-03-21 17:50:37,10.8,0.0,13.6,0.0,-
2025-03-21 17:50:38,8.9,0.0,13.6,0.0,-
2025-03-21 17:50:38,9.7,0.0,13.6,0.0,-
2025-03-21 17:50:38,9.8,0.0,13.6,0.0,-
2025-03-21 17:50:39,9.1,0.0,13.6,0.0,-
2025-03-21 17:50:40,8.0,0.0,13.6,0.0,-
2025-03-21 17:50:40,7.5,0.0,13.6,0.0,-
2025-03-21 17:50:40,6.7,0.0,13.6,0.0,-
2025-03-21 17:50:41,7.1,0.0,13.6,0.0,-
2025-03-21 17:50:41,7.7,0.0,13.6,0.0,-
2025-03-21 17:50:42,8.2,0.0,13.6,0.0,-
2025-03-21 17:50:42,7.8,0.0,13.6,0.0,-
2025-03-21 17:50:42,8.6,0.0,13.6,0.0,-
2025-03-21 17:50:43,9.3,0.0,13.6,0.0,-
2025-03-21 17:50:43,11.8,0.0,13.6,0.0,-
2025-03-21 17:50:43,13.0,0.0,13.6,0.0,-
2025-03-21 17:50:44,13.9,0.0,13.9,0.0,-
2025-03-21 17:50:44,14.8,0.0,14.8,0.0,-
2025-03-21 17:50:44,17.1,0.0,17.1,0.0,-
2025-03-21 17:50:45,16.2,0.0,17.1,0.0,-
2025-03-21 17:50:45,13.1,0.0,17.1,0.0,-
2025-03-21 17:50:45,12.2,0.0,17.1,0.0,-
2025-03-21 17:50:46,11.2,0.0,17.1,0.0,-
2025-03-21 17:50:46,11.4,0.0,17.1,0.0,-
2025-03-21 17:50:47,12.3,0.0,17.1,0.0,-
2025-03-21 17:50:48,13.1,0.0,17.1,0.0,-
2025-03-21 17:50:48,13.2,0.0,17.1,0.0,-
2025-03-21 17:50:48,13.0,0.0,17.1,0.0,-
2025-03-21 17:50:49,14.7,0.0,17.1,0.0,-
2025-03-21 17:50:49,15.0,0.0,17.1,0.0,-
2025-03-21 17:50:50,16.4,0.0,17.1,0.0,-
2025-03-21 17:50:50,16.3,0.0,17.1,0.0,-
2025-03-21 17:50:50,17.8,0.0,17.8,0.0,-
2025-03-21 17:50:51,19.7,0.0,19.7,0.0,-
2025-03-21 17:50:51,20.2,0.0,20.2,0.0,-
2025-03-21 17:50:51,19.7,0.0,20.2,0.0,-
2025-03-21 17:50:52,20.3,0.0,20.3,0.0,-
2025-03-21 17:50:52,22.8,0.0,22.8,0.0,-
2025-03-21 17:50:52,22.7,0.0,23.1,0.0,-
2025-03-21 17:50:53,24.8,0.0,25.4,0.0,-
2025-03-21 17:50:53,24.9,0.0,25.4,0.0,-
2025-03-21 17:50:53,24.5,0.0,25.4,0.0,-
2025-03-21 17:50:54,26.6,0.0,27.3,0.0,-
2025-03-21 17:50:54,0.1,0.0,27.3,0.0,-
2025-03-21 17:50:55,1.7,0.0,27.3,0.0,-
2025-03-21 17:50:55,0.0,0.0,27.3,0.0,-
2025-03-21 17:50:55,2.4,0.0,27.3,0.0,-
2025-03-21 17:50:56,2.1,0.0,27.3,0.0,-
2025-03-21 17:50:56,1.2,0.0,27.3,0.0,-
2025-03-21 17:50:56,0.0,0.0,27.3,0.0,-
2025-03-21 17:50:58,0.8,0.0,27.3,0.0,-
2025-03-21 17:50:59,2.1,0.0,27.3,0.0,-
2025-03-21 17:51:00,1.6,0.0,27.3,0.0,-
2025-03-21 17:51:01,2.1,0.0,27.3,0.0,-
2025-03-21 17:51:02,2.2,0.0,27.3,0.0,-
2025-03-21 17:51:04,2.1,0.0,27.3,0.0,-
2025-03-21 17:51:05,1.9,0.0,27.3,0.0,-
2025-03-21 17:51:05,1.9,0.0,27.3,0.0,-
2025-03-21 17:51:05,2.1,0.0,27.3,0.0,-
2025-03-21 17:51:06,2.2,0.0,27.3,0.0,-
2025-03-21 17:51:06,1.3,0.0,27.3,0.0,-
2025-03-21 17:51:07,0.6,0.0,27.3,0.0,-
2025-03-21 17:51:07,0.2,0.0,27.3,0.0,-
2025-03-21 17:51:07,0.0,0.0,27.3,0.0,-
2025-03-21 17:51:08,0.2,0.0,27.3,0.0,-
2025-03-21 17:51:08,0.0,0.0,27.3,0.0,-
2025-03-21 17:51:09,0.0,0.0,27.3,0.0,-
2025-03-21 17:51:11,0.0,0.0,27.3,0.0,-
2025-03-21 17:51:12,0.0,0.0,27.3,0.0,-
2025-03-21 17:51:13,0.0,0.0,27.3,0.0,-
2025-03-21 17:51:14,0.1,0.0,27.3,0.0,-
2025-03-21 17:51:14,0.0,0.0,27.3,0.0,-
2025-03-21 17:51:15,0.0,0.0,27.3,0.0,-
2025-03-21 17:51:15,0.0,0.0,27.3,0.0,-
2025-03-21 17:51:15,0.0,0.0,27.3,0.0,-
2025-03-21 17:51:16,0.2,0.0,27.3,0.0,-
2025-03-21 17:51:16,0.0,0.0,27.3,0.0,-
2025-03-21 17:51:16,0.0,0.0,27.3,0.0,-
2025-03-21 17:51:16,0.0,0.0,27.3,0.0,-
2025-03-21 17:51:17,0.0,0.0,27.3,0.0,-
2025-03-21 17:51:18,0.0,0.0,27.3,0.0,-
2025-03-21 17:51:18,0.9,0.0,27.3,0.0,-
2025-03-21 17:51:19,0.9,0.0,27.3,0.0,-
2025-03-21 17:51:19,1.6,0.0,27.3,0.0,-
2025-03-21 17:51:20,2.2,0.0,27.3,0.0,-
2025-03-21 17:51:20,2.2,0.0,27.3,0.0,-
2025-03-21 17:51:20,1.9,0.0,27.3,0.0,-
2025-03-21 17:51:21,2.6,0.0,27.3,0.0,-
2025-03-21 17:51:21,2.8,0.0,27.3,0.0,-
2025-03-21 17:51:21,3.0,0.0,27.3,0.0,-
2025-03-21 17:51:22,3.2,0.0,27.3,0.0,-
2025-03-21 17:51:22,3.3,0.0,27.3,0.0,-
2025-03-21 17:51:22,3.5,0.0,27.3,0.0,-
2025-03-21 17:51:23,3.6,0.0,27.3,0.0,-
2025-03-21 17:51:23,3.7,0.0,27.3,0.0,-
2025-03-21 17:51:23,3.7,0.0,27.3,0.0,-
2025-03-21 17:51:24,3.8,0.0,27.3,0.0,-
2025-03-21 17:51:24,3.8,0.0,27.3,0.0,-
2025-03-21 17:51:24,3.9,0.0,27.3,0.0,-
2025-03-21 17:51:25,3.9,0.0,27.3,0.0,-
2025-03-21 17:51:25,3.9,0.0,27.3,0.0,-
2025-03-21 17:51:25,3.9,0.0,27.3,0.0,-
2025-03-21 17:51:25,3.9,0.0,27.3,0.0,-
2025-03-21 17:51:26,3.8,0.0,27.3,0.0,-
2025-03-21 17:51:26,3.8,0.0,27.3,0.0,-
2025-03-21 17:51:26,3.7,0.0,27.3,0.0,-
2025-03-21 17:51:27,3.7,0.0,27.3,0.0,-
2025-03-21 17:51:27,3.6,0.0,27.3,0.0,-
2025-03-21 17:51:28,3.6,0.0,27.3,0.0,-
2025-03-21 17:51:28,3.5,0.0,27.3,0.0,-
2025-03-21 17:51:28,3.4,0.0,27.3,0.0,-
2025-03-21 17:51:29,3.3,0.0,27.3,0.0,-
2025-03-21 17:51:29,3.3,0.0,27.3,0.0,-
2025-03-21 17:51:29,3.2,0.0,27.3,0.0,-
2025-03-21 17:51:31,3.1,0.0,27.3,0.0,-
2025-03-21 17:51:32,3.0,0.0,27.3,0.0,-
2025-03-21 17:51:33,3.0,0.0,27.3,0.0,-
2025-03-21 17:51:33,2.9,0.0,27.3,0.0,-
2025-03-21 17:51:34,2.8,0.0,27.3,0.0,-
2025-03-21 17:51:34,2.7,0.0,27.3,0.0,-
2025-03-21 17:51:34,2.7,0.0,27.3,0.0,-
2025-03-21 17:51:35,2.6,0.0,27.3,0.0,-
2025-03-21 17:51:35,2.5,0.0,27.3,0.0,-
2025-03-21 17:51:35,2.4,0.0,27.3,0.0,-
2025-03-21 17:51:36,2.4,0.0,27.3,0.0,-
2025-03-21 17:51:36,2.3,0.0,27.3,0.0,-
2025-03-21 17:51:36,2.3,0.0,27.3,0.0,-
2025-03-21 17:51:36,2.2,0.0,27.3,0.0,-
2025-03-21 17:51:37,2.2,0.0,27.3,0.0,-
2025-03-21 17:51:37,2.1,0.0,27.3,0.0,-
2025-03-21 17:51:37,2.1,0.0,27.3,0.0,-
2025-03-21 17:51:38,2.0,0.0,27.3,0.0,-
2025-03-21 17:51:38,1.9,0.0,27.3,0.0,-
2025-03-21 17:51:38,1.9,0.0,27.3,0.0,-
2025-03-21 17:51:39,1.9,0.0,27.3,0.0,-
2025-03-21 17:51:39,1.8,0.0,27.3,0.0,-
2025-03-21 17:51:39,1.8,0.0,27.3,0.0,-
2025-03-21 17:51:40,1.8,0.0,27.3,0.0,-
2025-03-21 17:51:40,1.7,0.0,27.3,0.0,-
2025-03-21 17:51:40,1.7,0.0,27.3,0.0,-
2025-03-21 17:51:40,1.7,0.0,27.3,0.0,-
2025-03-21 17:51:41,1.7,0.0,27.3,0.0,-
2025-03-21 17:51:41,1.7,0.0,27.3,0.0,-
2025-03-21 17:51:41,1.6,0.0,27.3,0.0,-
2025-03-21 17:51:42,1.6,0.0,27.3,0.0,-
2025-03-21 17:51:42,1.6,0.0,27.3,0.0,-
2025-03-21 17:51:42,1.6,0.0,27.3,0.0,-
2025-03-21 17:51:43,1.6,0.0,27.3,0.0,-
2025-03-21 17:51:43,1.7,0.0,27.3,0.0,-
2025-03-21 17:51:43,1.7,0.0,27.3,0.0,-
2025-03-21 17:51:44,1.7,0.0,27.3,0.0,-
2025-03-21 17:51:44,1.7,0.0,27.3,0.0,-
2025-03-21 17:51:44,1.7,0.0,27.3,0.0,-
2025-03-21 17:51:45,1.7,0.0,27.3,0.0,-
2025-03-21 17:51:45,1.7,0.0,27.3,0.0,-
2025-03-21 17:51:45,1.8,0.0,27.3,0.0,-
2025-03-21 17:51:46,1.8,0.0,27.3,0.0,-
2025-03-21 17:51:46,1.8,0.0,27.3,0.0,-
2025-03-21 17:51:46,1.8,0.0,27.3,0.0,-
2025-03-21 17:51:47,1.9,0.0,27.3,0.0,-
2025-03-21 17:51:47,1.9,0.0,27.3,0.0,-
2025-03-21 17:51:48,2.0,0.0,27.3,0.0,-
2025-03-21 17:51:49,2.0,0.0,27.3,0.0,-
2025-03-21 17:51:50,2.1,0.0,27.3,0.0,-
2025-03-21 17:51:50,2.1,0.0,27.3,0.0,-
2025-03-21 17:51:50,2.2,0.0,27.3,0.0,-
2025-03-21 17:51:51,2.2,0.0,27.3,0.0,-
2025-03-21 17:51:51,2.3,0.0,27.3,0.0,-
2025-03-21 17:51:51,2.4,0.0,27.3,0.0,-
2025-03-21 17:51:52,2.4,0.0,27.3,0.0,-
2025-03-21 17:51:52,0.0,0.0,27.3,0.0,-
2025-03-21 17:51:52,0.1,0.0,27.3,0.0,-
2025-03-21 17:51:52,0.0,0.0,27.3,0.0,-
2025-03-21 17:51:53,0.0,0.0,27.3,0.0,-
2025-03-21 17:51:53,0.0,0.0,27.3,0.0,-
2025-03-21 17:51:54,0.0,0.0,27.3,0.0,-
2025-03-21 17:51:54,0.0,0.0,27.3,0.0,-
2025-03-21 17:51:54,0.0,0.0,27.3,0.0,-
2025-03-21 17:51:54,0.0,0.0,27.3,0.0,-
2025-03-21 17:51:55,0.0,0.0,27.3,0.0,-
2025-03-21 17:51:55,0.0,0.0,27.3,0.0,-
2025-03-21 17:51:55,0.0,0.0,27.3,0.0,-
2025-03-21 17:51:56,0.0,0.0,27.3,0.0,-
2025-03-21 17:51:56,0.0,0.0,27.3,0.0,-
2025-03-21 17:51:56,0.0,0.0,27.3,0.0,-
2025-03-21 17:51:57,0.0,0.0,27.3,0.0,-
2025-03-21 17:51:57,0.0,0.0,27.3,0.0,-
2025-03-21 17:51:57,0.0,0.0,27.3,0.0,-
2025-03-21 17:51:58,0.0,0.0,27.3,0.0,-
2025-03-21 17:51:58,0.0,0.0,27.3,0.0,-
2025-03-21 17:51:58,0.0,0.0,27.3,0.0,-
2025-03-21 17:51:59,0.0,0.0,27.3,0.0,-
2025-03-21 17:51:59,0.0,0.0,27.3,0.0,-
2025-03-21 17:51:59,0.0,0.0,27.3,0.0,-
2025-03-21 17:52:00,0.0,0.0,27.3,0.0,-
2025-03-21 17:52:00,0.0,0.0,27.3,0.0,-
2025-03-21 17:52:00,0.0,0.0,27.3,0.0,-
2025-03-21 17:52:00,0.0,0.0,27.3,0.0,-
2025-03-21 17:52:01,0.0,0.0,27.3,0.0,-
2025-03-21 17:52:01,0.0,0.0,27.3,0.0,-
2025-03-21 17:52:01,0.0,0.0,27.3,0.0,-
2025-03-21 17:52:02,0.0,0.0,27.3,0.0,-
2025-03-21 17:52:03,0.0,0.0,27.3,0.0,-
2025-03-21 17:52:03,0.0,0.0,27.3,0.0,-
2025-03-21 17:52:04,0.0,0.0,27.3,0.0,-
2025-03-21 17:52:04,0.0,0.0,27.3,0.0,-
2025-03-21 17:52:05,0.0,0.0,27.3,0.0,-
2025-03-21 17:52:05,0.0,0.0,27.3,0.0,-
2025-03-21 17:52:05,0.0,0.0,27.3,0.0,-
2025-03-21 17:52:06,0.0,0.0,27.3,0.0,-
2025-03-21 17:52:06,0.0,0.0,27.3,0.0,-
2025-03-21 17:52:06,0.0,0.0,27.3,0.0,-
2025-03-21 17:52:07,0.0,0.0,27.3,0.0,-
2025-03-21 17:52:07,0.0,0.0,27.3,0.0,-
2025-03-21 17:52:07,0.0,0.0,27.3,0.0,-
2025-03-21 17:52:08,0.0,0.0,27.3,0.0,-
2025-03-21 17:52:08,0.0,0.0,27.3,0.0,-
2025-03-21 17:52:08,0.0,0.0,27.3,0.0,-
2025-03-21 17:52:09,0.0,0.0,27.3,0.0,-
2025-03-21 17:52:09,0.0,0.0,27.3,0.0,-
2025-03-21 17:52:09,0.0,0.0,27.3,0.0,-
2025-03-21 17:52:09,0.0,0.0,27.3,0.0,-
2025-03-21 17:52:10,0.0,0.0,27.3,0.0,-
2025-03-22 11:53:39,1.9,0.0,1.9,0.0,-
2025-03-22 11:53:40,36.0,0.0,36.0,7.0,Alerte
2025-03-22 11:53:41,36.0,0.0,36.0,12.0,-
2025-03-22 11:53:41,36.0,0.0,36.0,16.0,-
2025-03-22 11:53:42,36.0,0.0,36.0,19.0,-
2025-03-22 11:53:42,36.0,0.0,36.0,25.0,-
2025-03-22 11:53:43,0.0,0.0,36.0,25.0,-
2025-03-22 11:53:43,0.0,0.0,36.0,25.0,-
2025-03-22 11:53:43,0.0,0.0,36.0,25.0,-
2025-03-22 11:53:44,0.0,0.0,36.0,25.0,-
2025-03-22 11:53:44,0.0,0.0,36.0,25.0,-
2025-03-22 11:53:45,0.0,0.0,36.0,25.0,-
2025-03-22 11:53:45,0.0,0.0,36.0,25.0,-
2025-03-22 11:53:46,0.0,0.0,36.0,25.0,-
2025-03-22 11:53:46,0.0,0.0,36.0,25.0,-
2025-03-22 11:53:46,0.0,0.0,36.0,25.0,-
2025-03-22 11:53:47,0.0,0.0,36.0,25.0,-
2025-03-22 11:53:47,0.0,0.0,36.0,25.0,-
2025-03-22 11:53:48,0.0,0.0,36.0,25.0,-
2025-03-22 11:53:49,0.0,0.0,36.0,25.0,-
2025-03-22 11:53:50,0.0,0.0,36.0,25.0,Alerte
2025-03-22 11:53:52,0.0,0.0,36.0,25.0,-
2025-03-22 11:53:53,0.0,0.0,36.0,25.0,-
2025-03-22 11:53:53,0.0,0.0,36.0,25.0,Alerte
2025-03-22 11:53:54,1.2,0.0,36.0,25.0,Alerte
2025-03-22 11:53:55,7.8,0.0,36.0,25.0,Alerte
2025-03-22 11:53:56,0.0,0.0,36.0,25.0,Alerte
2025-03-22 11:53:57,0.0,0.0,36.0,25.0,Alerte
2025-03-22 11:53:58,0.0,0.0,36.0,25.0,Alerte
2025-03-22 11:53:59,0.0,0.0,36.0,25.0,Alerte
2025-03-22 11:54:00,0.0,0.0,36.0,25.0,Alerte
2025-03-22 11:54:01,0.0,0.0,36.0,25.0,Alerte
2025-03-22 11:54:02,0.0,0.0,36.0,25.0,Alerte
2025-03-22 11:54:04,8.5,0.0,8.5,0.0,Alerte
2025-03-22 11:54:58,4.2,0.0,8.5,0.0,Alerte
2025-03-22 11:54:59,0.0,0.0,8.5,0.0,Alerte
2025-03-22 11:55:00,0.0,0.0,8.5,0.0,Alerte
2025-03-22 11:55:01,0.0,0.0,8.5,0.0,Alerte
2025-03-22 11:55:02,0.0,0.0,8.5,0.0,Alerte
2025-03-22 11:55:05,3.2,0.0,8.5,0.0,Alerte
2025-03-22 11:55:06,0.0,0.0,8.5,0.0,Alerte
2025-03-22 11:55:07,0.0,0.0,8.5,0.0,Alerte
2025-03-22 11:55:07,0.0,0.0,8.5,0.0,Alerte
2025-03-22 11:55:09,0.0,0.0,8.5,0.0,Alerte
2025-03-22 11:55:10,0.0,0.0,8.5,0.0,Alerte
2025-03-22 11:55:11,0.0,0.0,8.5,0.0,Alerte
2025-03-22 11:55:12,0.0,0.0,8.5,0.0,Alerte
2025-03-22 11:55:13,0.0,0.0,8.5,0.0,Alerte
2025-03-22 11:55:14,1.9,0.0,8.5,0.0,Alerte
2025-03-22 11:55:15,7.2,0.0,8.5,0.0,Alerte
2025-03-22 11:55:16,12.5,0.0,12.5,0.0,Alerte
2025-03-22 11:55:17,0.1,0.0,14.1,0.0,Alerte
2025-03-22 11:55:19,2.7,0.0,14.1,0.0,-
2025-03-22 11:55:19,4.7,0.0,14.1,0.0,-
2025-03-22 11:55:20,0.0,0.0,14.1,0.0,-
2025-03-22 11:55:20,0.0,0.0,14.1,0.0,-
2025-03-22 11:55:20,0.0,0.0,14.1,0.0,-
2025-03-22 11:55:21,0.0,0.0,14.1,0.0,-
2025-03-22 11:55:21,0.0,0.0,14.1,0.0,-
2025-03-22 11:55:22,0.0,0.0,14.1,0.0,-
2025-03-22 11:55:22,0.0,0.0,14.1,0.0,-
2025-03-22 11:55:22,0.0,0.0,14.1,0.0,-
2025-03-22 11:55:23,0.0,0.0,14.1,0.0,-
2025-03-22 11:55:23,0.0,0.0,14.1,0.0,-
2025-03-22 11:55:23,0.0,0.0,14.1,0.0,-
2025-03-22 11:55:24,0.0,0.0,14.1,0.0,-
2025-03-22 11:55:24,0.0,0.0,14.1,0.0,-
2025-03-22 11:55:24,0.0,0.0,14.1,0.0,-
2025-03-22 11:55:25,0.0,0.0,14.1,0.0,-
2025-03-22 11:55:25,0.0,0.0,14.1,0.0,-
2025-03-22 11:55:25,0.0,0.0,14.1,0.0,-
2025-03-22 11:55:26,0.0,0.0,14.1,0.0,-
2025-03-22 11:55:26,0.0,0.0,14.1,0.0,-
2025-03-22 11:55:27,0.1,0.0,14.1,0.0,-
2025-03-22 11:55:27,0.0,0.0,0.0,0.0,Alerte
2025-03-22 11:56:23,0.0,0.0,0.0,0.0,Alerte
2025-03-22 11:56:24,0.0,0.0,0.0,0.0,Alerte
2025-03-22 11:56:25,0.0,0.0,0.0,0.0,Alerte
2025-03-22 11:56:25,0.0,0.0,0.0,0.0,Alerte
2025-03-22 11:56:26,0.0,0.0,0.0,0.0,Alerte
2025-03-22 11:56:26,0.0,0.0,0.0,0.0,Alerte
2025-03-22 11:56:27,0.0,0.0,0.0,0.0,Alerte
2025-03-22 11:56:28,0.0,0.0,0.0,0.0,Alerte
2025-03-22 11:56:29,0.0,0.0,0.0,0.0,Alerte
2025-03-22 11:56:30,0.0,0.0,0.0,0.0,Alerte
2025-03-22 11:56:30,0.0,0.0,0.0,0.0,Alerte
2025-03-22 11:56:31,0.0,0.0,0.0,0.0,Alerte
2025-03-22 11:56:32,0.0,0.0,0.0,0.0,Alerte
2025-03-22 11:56:33,0.1,0.0,1.4,0.0,Alerte
2025-03-22 11:56:33,1.7,0.0,1.7,0.0,Alerte
2025-03-22 11:56:34,0.6,0.0,1.7,0.0,Alerte
2025-03-22 11:56:35,0.0,0.0,1.7,0.0,Alerte
2025-03-22 11:56:35,0.0,0.0,1.7,0.0,Alerte
2025-03-22 11:56:36,0.3,0.0,1.7,0.0,Alerte
2025-03-22 11:56:37,3.3,0.0,3.3,0.0,Alerte
2025-03-22 11:56:37,0.5,0.0,0.5,0.0,Alerte
2025-03-22 12:00:44,0.0,0.0,0.5,0.0,Alerte
2025-03-22 12:00:45,0.0,0.0,0.5,0.0,Alerte
2025-03-22 12:00:46,0.0,0.0,0.5,0.0,Alerte
2025-03-22 12:00:46,0.0,0.0,0.5,0.0,Alerte
2025-03-22 12:00:47,0.0,0.0,0.5,0.0,Alerte
2025-03-22 12:00:48,0.0,0.0,0.5,0.0,Alerte
2025-03-22 12:00:49,0.0,0.0,0.5,0.0,Alerte
2025-03-22 12:00:49,0.0,0.0,0.5,0.0,Alerte
2025-03-22 12:00:50,0.0,0.0,0.5,0.0,Alerte
2025-03-22 12:00:51,0.0,0.0,0.5,0.0,Alerte
2025-03-22 12:00:52,0.8,0.0,0.8,0.0,Alerte
2025-03-22 12:00:52,0.0,0.0,3.1,0.0,Alerte
2025-03-22 12:00:53,0.0,0.0,3.1,0.0,Alerte
2025-03-22 12:00:55,0.0,0.0,4.2,0.0,Alerte
2025-03-22 12:00:57,4.3,0.0,4.3,0.0,Alerte
2025-03-22 12:00:58,12.5,0.0,12.5,0.0,Alerte
2025-03-22 12:00:59,17.6,0.0,17.6,0.0,Alerte
2025-03-22 12:00:59,0.0,0.0,17.6,0.0,Alerte
2025-03-22 12:01:00,0.0,0.0,17.6,0.0,Alerte
2025-03-22 12:01:01,0.0,0.0,17.6,0.0,Alerte
2025-03-22 12:01:02,0.0,0.0,17.6,0.0,Alerte
2025-03-22 12:01:03,18.2,0.0,18.2,0.0,Alerte
2025-03-22 12:03:40,36.0,0.0,36.0,31.0,Alerte
2025-03-22 12:03:42,0.0,0.1,36.0,51.0,Alerte
2025-03-22 12:03:43,0.0,0.1,36.0,51.0,Alerte
2025-03-22 12:03:44,0.0,0.1,36.0,51.0,Alerte
2025-03-22 12:03:45,0.0,0.1,36.0,51.0,Alerte
2025-03-22 12:03:45,0.0,0.1,36.0,51.0,Alerte
2025-03-22 12:03:46,0.0,0.1,36.0,51.0,Alerte
2025-03-22 12:03:46,0.0,0.1,36.0,51.0,Alerte
2025-03-22 12:03:47,0.0,0.1,36.0,51.0,Alerte
2025-03-22 12:03:47,0.0,0.1,36.0,51.0,Alerte
2025-03-22 12:03:48,0.0,0.1,36.0,51.0,Alerte
2025-03-22 12:03:48,0.0,0.1,36.0,51.0,Alerte
2025-03-22 12:03:49,0.0,0.1,36.0,51.0,Alerte
2025-03-22 12:03:50,0.0,0.1,36.0,51.0,Alerte
2025-03-22 12:03:50,0.0,0.1,36.0,51.0,Alerte
2025-03-22 12:03:51,0.0,0.0,0.1,,Alerte
